"sim","method","dt","Tmax","delta","N","M","convergence","iterations","dt","beta1","beta2","beta3","gammasq"
1,"euler",0.0166666666666667,365,0.5,5,100,1,NA,0.0371499061584473,2.92855775814975,1.40728265307867,-0.112592266867444,4.55217310988826
1,"bbis",0.0166666666666667,365,0.5,5,100,52,71,8.12991404533386,4.14311656976023,2.29037411545135,-0.137957578341777,5.09579304370291
1,"euler",0.0166666666666667,730,1,11,100,1,NA,0.0296759605407715,2.55623174688014,1.15214836601838,-0.058145399563586,3.94463015900372
1,"bbis",0.0166666666666667,730,1,11,100,52,83,15.9431400299072,4.09809695733044,2.41734927589809,-0.0583421114915882,4.76648101784529
1,"euler",0.0166666666666667,1460,2,23,100,1,NA,0.032616138458252,2.00506564283692,0.970586035771612,-0.0746529589926734,3.57030689791107
1,"bbis",0.0166666666666667,1460,2,23,100,52,71,25.295862197876,4.13359127387672,2.24441181666113,-0.0821230598330866,4.68462230539984
1,"euler",0.0166666666666667,4380,6,71,100,1,NA,0.0293219089508057,1.5993356087206,0.561344175211281,-0.094280083395911,2.77012076240118
1,"bbis",0.0166666666666667,4380,6,71,100,52,98,95.4266419410706,3.89661757585143,2.13695338084222,-0.102706900379065,4.54893006991216
1,"euler",0.0166666666666667,8760,12,143,100,1,NA,0.0778298377990723,1.07859644643629,0.263335092265423,-0.0896254428452393,2.48815917479882
1,"bbis",0.0166666666666667,8760,12,143,100,0,124,235.739584922791,3.54790580884215,1.75484367114754,-0.090973347365506,3.78890501909708
1,"euler",0.0166666666666667,17520,24,287,100,1,NA,0.135104894638062,0.45536351622212,0.0442674604487237,-0.0828377779320103,2.31818660209878
1,"bbis",0.0166666666666667,17520,24,287,100,52,222,867.35133600235,3.08654740958346,1.40433620396892,-0.0810309735949365,3.23305990638428
2,"euler",0.0166666666666667,365,0.5,5,100,1,NA,0.0196518898010254,3.20088724760919,1.38713057701999,-0.520726043538523,4.33117792522706
2,"bbis",0.0166666666666667,365,0.5,5,100,52,133,14.1163969039917,3.94158827365778,1.79034815620939,-0.346494833373307,4.93615019658883
2,"euler",0.0166666666666667,730,1,11,100,1,NA,0.032520055770874,2.8131788896713,1.6879278674069,-0.277150518095061,3.87843224450768
2,"bbis",0.0166666666666667,730,1,11,100,0,42,7.74937105178833,3.89057074195498,2.04109937467,-0.300491267947116,4.93255599259487
2,"euler",0.0166666666666667,1460,2,23,100,1,NA,0.0248339176177979,2.40739910729584,1.26881616859616,-0.186478429965972,3.57948544434797
2,"bbis",0.0166666666666667,1460,2,23,100,0,67,24.2106380462646,4.07132315964996,1.91893369424333,-0.198330969969572,4.82525861523875
2,"euler",0.0166666666666667,4380,6,71,100,1,NA,0.0371789932250977,1.50294192170786,0.705993950090666,-0.135991011367314,2.72556772964458
2,"bbis",0.0166666666666667,4380,6,71,100,0,160,154.931756019592,3.98199272414072,1.93785845574222,-0.132406280938253,4.19770022048696
2,"euler",0.0166666666666667,8760,12,143,100,1,NA,0.0482139587402344,1.18036719501304,0.331149900125889,-0.129812736480089,2.28361843992254
2,"bbis",0.0166666666666667,8760,12,143,100,52,48,97.9697058200836,3.53945849345677,1.72397588719503,-0.113912337186954,3.57821637709448
2,"euler",0.0166666666666667,17520,24,287,100,1,NA,0.0328590869903564,0.85870894319509,0.163820629276047,-0.0925745590631782,2.09097044174666
2,"bbis",0.0166666666666667,17520,24,287,100,0,125,499.828933000565,2.84643486907624,1.18653207532923,-0.113272232907413,3.14713026077705
3,"euler",0.0166666666666667,365,0.5,5,100,1,NA,0.0184769630432129,3.50708834228391,1.62485462939893,-0.291253024200951,4.37352874919223
3,"bbis",0.0166666666666667,365,0.5,5,100,0,53,4.99038314819336,4.37184614791983,1.97920831156543,-0.289481286043988,4.97325575008069
3,"euler",0.0166666666666667,730,1,11,100,1,NA,0.0340960025787354,2.49197873293309,1.12309351245299,-0.187645943722126,4.0690404805706
3,"bbis",0.0166666666666667,730,1,11,100,0,82,15.6036388874054,4.06710692172467,1.86813188106349,-0.177953093337734,4.88425169196413
3,"euler",0.0166666666666667,1460,2,23,100,1,NA,0.0372090339660645,2.28492203927793,0.929122651258875,-0.110509537835418,3.61945251913504
3,"bbis",0.0166666666666667,1460,2,23,100,52,65,23.2591600418091,4.11372492846355,2.06541346983391,-0.103970715265587,4.99072795993024
3,"euler",0.0166666666666667,4380,6,71,100,1,NA,0.0343880653381348,1.55832760039962,0.472962986806924,-0.141763227359509,2.57280974463793
3,"bbis",0.0166666666666667,4380,6,71,100,52,79,67.2152121067047,4.01378606855328,2.12326039797814,-0.131509452898723,4.33271971950326
3,"euler",0.0166666666666667,8760,12,143,100,1,NA,0.0597150325775146,1.08366126121745,0.258519797423103,-0.136400062372869,2.32618388204437
3,"bbis",0.0166666666666667,8760,12,143,100,0,105,182.328379869461,3.80621862029483,1.78533161466055,-0.141512157372486,3.8413940094274
3,"euler",0.0166666666666667,17520,24,287,100,1,NA,0.0602929592132568,0.631450622595461,0.110309214449972,-0.0931454504622823,2.0325288219339
3,"bbis",0.0166666666666667,17520,24,287,100,0,101,401.314797878265,3.11164157396563,1.3952971686007,-0.103524066557621,2.97976707611217
4,"euler",0.0166666666666667,365,0.5,5,100,1,NA,0.0196149349212646,3.26101366530586,1.53849597739171,-0.165401131700787,4.43534134333557
4,"bbis",0.0166666666666667,365,0.5,5,100,0,84,9.34482192993164,4.4472100797044,1.71764612799622,-0.201359382005197,5.06969312609809
4,"euler",0.0166666666666667,730,1,11,100,1,NA,0.0402019023895264,2.83156566407417,1.33887479802032,-0.159304017310594,4.2505268392835
4,"bbis",0.0166666666666667,730,1,11,100,0,42,7.97617506980896,4.30341843422417,1.7360847348418,-0.189574375225413,5.20903318811176
4,"euler",0.0166666666666667,1460,2,23,100,1,NA,0.0376548767089844,2.22679435715468,1.10010536368488,-0.119391754463546,3.66689875648739
4,"bbis",0.0166666666666667,1460,2,23,100,0,67,23.8255200386047,4.24254153924654,1.79096775747569,-0.136949164117577,4.91621725071759
4,"euler",0.0166666666666667,4380,6,71,100,1,NA,0.0336120128631592,1.53307617255028,0.378704488985334,-0.114500873697279,2.87958052404619
4,"bbis",0.0166666666666667,4380,6,71,100,0,55,53.8109538555145,3.94646053262349,1.83599732981833,-0.129312139866437,4.80460700745337
4,"euler",0.0166666666666667,8760,12,143,100,1,NA,0.0373239517211914,0.810990901161481,0.273372825146294,-0.120094292598309,2.56536371116952
4,"bbis",0.0166666666666667,8760,12,143,100,0,72,136.895107030869,3.49849209838063,1.60652595357642,-0.122770391555846,4.27371045878032
4,"euler",0.0166666666666667,17520,24,287,100,1,NA,0.0278699398040771,0.711915943618322,0.205300894081815,-0.083612337293812,2.07984742664833
4,"bbis",0.0166666666666667,17520,24,287,100,0,50,201.305449962616,2.90970823410421,1.49863133957848,-0.0897331185965395,3.34089526450421
5,"euler",0.0166666666666667,365,0.5,5,100,1,NA,0.0181729793548584,3.57776508065923,0.671799477544407,-0.525436830758559,4.23862509523291
5,"bbis",0.0166666666666667,365,0.5,5,100,52,52,5.20979690551758,4.11143303932958,1.64186008325787,-0.168241689474183,5.08484228073026
5,"euler",0.0166666666666667,730,1,11,100,1,NA,0.037100076675415,3.13255232942123,1.35230962585267,-0.159848602576073,3.98417545363021
5,"bbis",0.0166666666666667,730,1,11,100,0,41,7.18251705169678,4.06332622950504,1.82051088525238,-0.149499711862149,5.20787607270802
5,"euler",0.0166666666666667,1460,2,23,100,1,NA,0.030911922454834,2.30744602703143,0.706261516832463,-0.166000892384181,3.63077463197661
5,"bbis",0.0166666666666667,1460,2,23,100,52,76,27.8383779525757,3.90849795472001,1.73813602728452,-0.147805976535588,4.89225297034011
5,"euler",0.0166666666666667,4380,6,71,100,1,NA,0.101129055023193,1.36049650148346,0.425634301849115,-0.127573524450589,3.01077776525742
5,"bbis",0.0166666666666667,4380,6,71,100,52,69,67.456200838089,3.52566751524343,1.65803457894622,-0.116097952639666,4.41672008797152
5,"euler",0.0166666666666667,8760,12,143,100,1,NA,0.0425930023193359,1.0161814399863,0.345525801728426,-0.0924803514297225,2.59718599507052
5,"bbis",0.0166666666666667,8760,12,143,100,0,51,104.821902036667,3.36297537953897,1.6900982740284,-0.0809649761973032,4.42901365372608
5,"euler",0.0166666666666667,17520,24,287,100,1,NA,0.0757801532745361,0.640011196966542,0.222447919231712,-0.0735655042122338,1.98899749160266
5,"bbis",0.0166666666666667,17520,24,287,100,0,36,138.503251791,3.01423240462691,1.43975410187563,-0.0872010529080371,3.27159459095051
6,"euler",0.0166666666666667,365,0.5,5,100,1,NA,0.0189418792724609,3.45314356829819,0.967956545193461,-0.611644717993097,4.03903500571753
6,"bbis",0.0166666666666667,365,0.5,5,100,0,37,3.92968320846558,4.10083776527734,1.4390177126508,-0.376968324728172,4.73088655826105
6,"euler",0.0166666666666667,730,1,11,100,1,NA,0.0893189907073975,2.8865293265035,1.17169758742115,-0.198826797273139,3.92933612970625
6,"bbis",0.0166666666666667,730,1,11,100,0,38,7.24853587150574,3.67764096973028,1.7586580877762,-0.117018675645267,4.8914227917428
6,"euler",0.0166666666666667,1460,2,23,100,1,NA,0.0357990264892578,2.52733547748102,1.00274272666145,-0.185108142477901,3.38381688865618
6,"bbis",0.0166666666666667,1460,2,23,100,52,55,17.5432391166687,4.11966954801349,2.07492721920631,-0.118504844953119,4.79831824571211
6,"euler",0.0166666666666667,4380,6,71,100,1,NA,0.0248661041259766,1.59923284926862,0.867832463018762,-0.131091505485754,2.69985385491227
6,"bbis",0.0166666666666667,4380,6,71,100,0,131,125.780215024948,3.99316179767241,2.01919784575666,-0.109036807974398,4.04717796239494
6,"euler",0.0166666666666667,8760,12,143,100,1,NA,0.0482938289642334,1.06954235532269,0.55951933682386,-0.135774365050836,2.3382871618628
6,"bbis",0.0166666666666667,8760,12,143,100,52,103,212.311401844025,3.57790386274722,1.94955232576912,-0.124226305108081,3.69087850709361
6,"euler",0.0166666666666667,17520,24,287,100,1,NA,0.0482540130615234,0.748535052346132,0.333833492066692,-0.130990402348648,2.04013911638785
6,"bbis",0.0166666666666667,17520,24,287,100,52,185,716.736966848373,3.22382670484271,1.43294380112539,-0.12857478220249,3.29672280705926
7,"euler",0.0166666666666667,365,0.5,5,100,1,NA,0.0180699825286865,3.32424810839378,1.57495339648487,-0.20735381260521,4.58039876348018
7,"bbis",0.0166666666666667,365,0.5,5,100,0,48,5.55867290496826,4.42879934371003,2.1569953891625,-0.252791398973685,5.13493421237985
7,"euler",0.0166666666666667,730,1,11,100,1,NA,0.0322301387786865,2.75906470536919,1.22817594889481,-0.130862681867878,4.31387955243507
7,"bbis",0.0166666666666667,730,1,11,100,0,43,8.29428100585938,4.17375059403898,1.8494251137792,-0.126956486993903,5.43062949155529
7,"euler",0.0166666666666667,1460,2,23,100,1,NA,0.0325000286102295,2.10119077937484,0.830449851346157,-0.103724205126278,3.98255928054092
7,"bbis",0.0166666666666667,1460,2,23,100,52,151,54.3382179737091,3.89127550785462,1.77177143236089,-0.105020280406338,5.26618087885386
7,"euler",0.0166666666666667,4380,6,71,100,1,NA,0.0312371253967285,1.67344065948088,0.855267653197358,-0.0635347663061232,2.88675902358128
7,"bbis",0.0166666666666667,4380,6,71,100,0,27,25.9796099662781,3.9788626357105,1.80137002060835,-0.116444834880862,5.54794615901541
7,"euler",0.0166666666666667,8760,12,143,100,1,NA,0.0495657920837402,1.02815349193033,0.454326413377827,-0.069095887942876,2.63785882577469
7,"bbis",0.0166666666666667,8760,12,143,100,0,34,68.1167359352112,3.15969118313441,1.60270702526636,-0.0841529932360603,4.90664639879872
7,"euler",0.0166666666666667,17520,24,287,100,1,NA,0.0293619632720947,0.681915723959915,0.274198617982157,-0.0774158057744625,2.0064167056423
7,"bbis",0.0166666666666667,17520,24,287,100,0,132,521.026294946671,3.12336306523891,1.51233796858596,-0.103724238107358,2.72103565717974
8,"euler",0.0166666666666667,365,0.5,5,100,1,NA,0.0194408893585205,2.70252448968071,0.844805746924282,-0.0116382134016347,4.62614495229408
8,"bbis",0.0166666666666667,365,0.5,5,100,0,63,6.18617796897888,3.69968103646629,1.66645533830928,-0.023226796709717,4.9231759728455
8,"euler",0.0166666666666667,730,1,11,100,1,NA,0.0204269886016846,1.94615249336086,0.690073399974257,-0.0288764633532971,4.24840265467548
8,"bbis",0.0166666666666667,730,1,11,100,0,31,6.08904790878296,3.44950412588912,1.68073932231206,-0.00950225927564371,4.62880162097595
8,"euler",0.0166666666666667,1460,2,23,100,1,NA,0.0354971885681152,1.72639910110656,0.814150516727703,-0.0820357972544613,3.87401795102647
8,"bbis",0.0166666666666667,1460,2,23,100,52,94,33.1514759063721,3.68263223929617,1.87441726136481,-0.0570447610859474,4.78785094564086
8,"euler",0.0166666666666667,4380,6,71,100,1,NA,0.0341339111328125,1.34219699907388,0.347994118406735,-0.105314905854738,2.71566380386708
8,"bbis",0.0166666666666667,4380,6,71,100,0,92,89.2654531002045,3.96051675347971,1.93242644954031,-0.10227345809442,4.00265002736398
8,"euler",0.0166666666666667,8760,12,143,100,1,NA,0.0373787879943848,0.691759300701166,0.0203593968737746,-0.0955706750882099,2.57434866684951
8,"bbis",0.0166666666666667,8760,12,143,100,52,91,187.976332902908,3.35220400460812,1.79633526965086,-0.0892006872967604,4.05503611045652
8,"euler",0.0166666666666667,17520,24,287,100,1,NA,0.0340311527252197,0.645131923367634,-0.0344113774125411,-0.109787444151554,2.09555873437663
8,"bbis",0.0166666666666667,17520,24,287,100,0,31,124.262853145599,3.0634995689911,1.25847905822033,-0.110122990475216,3.28039070732161
9,"euler",0.0166666666666667,365,0.5,5,100,1,NA,0.0188939571380615,3.19293396203881,1.47456614630695,-0.695007033480246,4.05588849067887
9,"bbis",0.0166666666666667,365,0.5,5,100,0,32,3.10345101356506,4.14328160086996,1.91939832785024,-0.584073266842542,4.67913879144962
9,"euler",0.0166666666666667,730,1,11,100,1,NA,0.0358371734619141,2.71492855368038,1.39832398035594,-0.0528840680104212,3.9031735569629
9,"bbis",0.0166666666666667,730,1,11,100,52,101,19.9212851524353,4.15271001583671,2.32538351301214,-0.0366304368221165,4.79649347484268
9,"euler",0.0166666666666667,1460,2,23,100,1,NA,0.0326409339904785,2.33894540707298,1.29793267564449,-0.0466248085753379,3.56692477934834
9,"bbis",0.0166666666666667,1460,2,23,100,52,73,25.788666009903,4.05427451326893,2.24960385636563,-0.0510249351567638,4.73663610155126
9,"euler",0.0166666666666667,4380,6,71,100,1,NA,0.0307769775390625,1.38131305598243,0.49181323603911,-0.0852034668467459,2.94734704609867
9,"bbis",0.0166666666666667,4380,6,71,100,0,121,118.269046783447,3.96298461297639,2.03117772556691,-0.0917770119687744,4.40111792578008
9,"euler",0.0166666666666667,8760,12,143,100,1,NA,0.0435070991516113,0.921069111431411,0.207777818834388,-0.0798108983712472,2.3057072135893
9,"bbis",0.0166666666666667,8760,12,143,100,52,157,321.472826004028,3.63851807218882,1.84796232288978,-0.0888538744884366,3.72898440922987
9,"euler",0.0166666666666667,17520,24,287,100,1,NA,0.0362789630889893,0.790687423748972,0.317482669713254,-0.0712171495071219,1.94153407568293
9,"bbis",0.0166666666666667,17520,24,287,100,0,70,236.776340961456,3.23496603499169,1.51196540678731,-0.0896266243565245,2.93834445518259
10,"euler",0.0166666666666667,365,0.5,5,100,1,NA,0.0194270610809326,4.25975318915119,2.27056567589197,-0.655767546722241,3.75072737082154
10,"bbis",0.0166666666666667,365,0.5,5,100,0,27,2.84100389480591,4.45854946508398,2.3633362940798,-0.557361194962808,4.48030031416189
10,"euler",0.0166666666666667,730,1,11,100,1,NA,0.0306029319763184,3.53533223133368,1.80306737530339,-0.623678382817668,3.22798764502408
10,"bbis",0.0166666666666667,730,1,11,100,52,52,8.24928092956543,4.54471142859192,2.33959212358058,-0.38969500310959,4.42202500016733
10,"euler",0.0166666666666667,1460,2,23,100,1,NA,0.0302259922027588,2.32370777572044,1.08696005110033,-0.300680398896661,3.19202191326792
10,"bbis",0.0166666666666667,1460,2,23,100,52,66,23.5005919933319,4.44686278609906,2.33216071071254,-0.207397396146747,4.57731730613527
10,"euler",0.0166666666666667,4380,6,71,100,1,NA,0.03342604637146,1.39378566096169,0.432550587777888,-0.122385428677445,2.75948326013104
10,"bbis",0.0166666666666667,4380,6,71,100,52,87,85.4387021064758,4.0566800377102,2.0588796582139,-0.13904800097866,4.3142026935532
10,"euler",0.0166666666666667,8760,12,143,100,1,NA,0.0230891704559326,1.08032798861515,0.281779095819861,-0.103597575703213,2.387543292163
10,"bbis",0.0166666666666667,8760,12,143,100,52,76,157.147722959518,3.74260740493335,1.8269054211691,-0.0836056564713186,3.97725689450556
10,"euler",0.0166666666666667,17520,24,287,100,1,NA,0.0268189907073975,0.648497327811474,0.218521387769697,-0.105210771704065,2.16405049862222
10,"bbis",0.0166666666666667,17520,24,287,100,52,94,369.041764974594,3.1685095715214,1.36522422227281,-0.0969696341720661,2.89453128397939
11,"euler",0.0166666666666667,365,0.5,5,100,1,NA,0.0206868648529053,2.96556094915961,1.26234548250183,-0.0590620096671335,4.51840862026494
11,"bbis",0.0166666666666667,365,0.5,5,100,52,55,5.4695098400116,4.08853015097514,2.22672234017306,-0.0613612201106749,4.96715868306827
11,"euler",0.0166666666666667,730,1,11,100,1,NA,0.0367951393127441,2.73335514475478,1.12425383561967,-0.120051340344482,4.00360464951404
11,"bbis",0.0166666666666667,730,1,11,100,0,47,8.13000798225403,4.58321194383104,2.40886771880776,-0.157319529121324,4.81715338116283
11,"euler",0.0166666666666667,1460,2,23,100,1,NA,0.035459041595459,2.3304412292763,1.04951716883337,-0.104904130641228,3.70645268365071
11,"bbis",0.0166666666666667,1460,2,23,100,52,102,36.8552370071411,4.13406292733314,2.03866366960539,-0.104730548032962,5.22938054357312
11,"euler",0.0166666666666667,4380,6,71,100,1,NA,0.0357980728149414,1.59342214369055,0.555690717937694,-0.100208170152858,2.98550160350444
11,"bbis",0.0166666666666667,4380,6,71,100,52,69,68.0072791576385,3.79501867382962,2.04121877550845,-0.0962156820571481,4.54865044464935
11,"euler",0.0166666666666667,8760,12,143,100,1,NA,0.0460619926452637,0.934530459517969,0.304415139627175,-0.105285466782959,2.69170267972497
11,"bbis",0.0166666666666667,8760,12,143,100,0,87,174.941430091858,3.32981862592276,1.60311541426228,-0.113692795921425,4.17894069765177
11,"euler",0.0166666666666667,17520,24,287,100,1,NA,0.0738930702209473,0.577717039826513,0.169075440930596,-0.0748388876717852,2.32861491367717
11,"bbis",0.0166666666666667,17520,24,287,100,52,59,234.712422132492,2.66182767355234,1.29580921138002,-0.0580509397538532,3.35350908149211
12,"euler",0.0166666666666667,365,0.5,5,100,1,NA,0.0197529792785645,2.59195127066676,1.45296190615586,-0.0624715996558745,4.72986447461586
12,"bbis",0.0166666666666667,365,0.5,5,100,52,93,9.70852088928223,3.69255701979,2.04278859939537,-0.0623488675819799,5.07007978995643
12,"euler",0.0166666666666667,730,1,11,100,1,NA,0.0350320339202881,2.00959920818208,1.15126513964342,-0.0900385818073693,4.38456379057014
12,"bbis",0.0166666666666667,730,1,11,100,52,73,13.9157359600067,3.64967233743228,1.9009757282056,-0.107444574545967,5.02253474081184
12,"euler",0.0166666666666667,1460,2,23,100,1,NA,0.0351719856262207,1.83584690420504,0.754578567032822,-0.124422422417586,3.92049647361936
12,"bbis",0.0166666666666667,1460,2,23,100,0,59,20.9569659233093,3.7062992607714,1.84936007046837,-0.128288502307459,4.90343223704671
12,"euler",0.0166666666666667,4380,6,71,100,1,NA,0.0363409519195557,1.20996885186647,0.668304641762046,-0.0860511551258656,3.34082368326962
12,"bbis",0.0166666666666667,4380,6,71,100,0,66,66.0668299198151,3.70782924262753,1.66111796579757,-0.093748010957836,4.66522317518653
12,"euler",0.0166666666666667,8760,12,143,100,1,NA,0.0372211933135986,0.942257405120971,0.446122802567243,-0.0980524425633159,2.69359549677749
12,"bbis",0.0166666666666667,8760,12,143,100,0,102,208.251907110214,3.32686196422105,1.58909201574035,-0.104489453907711,4.66492031642501
12,"euler",0.0166666666666667,17520,24,287,100,1,NA,0.0395820140838623,0.561456719739321,0.036693041202118,-0.0908565890796145,1.97937614538882
12,"bbis",0.0166666666666667,17520,24,287,100,52,100,388.353236913681,3.25045428956125,1.33081963000296,-0.0934751496711257,2.4440105482588
13,"euler",0.0166666666666667,365,0.5,5,100,1,NA,0.01922607421875,3.27654022368638,1.92087007110295,-0.240437797485558,4.55429382431325
13,"bbis",0.0166666666666667,365,0.5,5,100,52,82,9.32682180404663,4.29939466898867,2.5374366513497,-0.254747953109161,5.18571730250882
13,"euler",0.0166666666666667,730,1,11,100,1,NA,0.0395040512084961,2.72209981491984,1.58178806872889,-0.122532166887427,3.93409879952274
13,"bbis",0.0166666666666667,730,1,11,100,0,31,5.61097693443298,3.85289574685575,2.08436609109543,-0.11783777801022,4.79505592158081
13,"euler",0.0166666666666667,1460,2,23,100,1,NA,0.0372588634490967,2.05955988297571,0.992987205110406,-0.0869860219819407,3.69554082100684
13,"bbis",0.0166666666666667,1460,2,23,100,0,53,18.2698450088501,3.83716491747133,1.80842862322031,-0.0934443590599431,4.78640317125353
13,"euler",0.0166666666666667,4380,6,71,100,1,NA,0.0327858924865723,1.38721004086151,1.01169462259982,-0.053497443536116,2.82767671891025
13,"bbis",0.0166666666666667,4380,6,71,100,52,89,86.7969660758972,3.72160357613057,2.00081539967576,-0.0756197831861801,4.39118944845099
13,"euler",0.0166666666666667,8760,12,143,100,1,NA,0.0392730236053467,1.10531225214936,0.602719898320427,-0.050841071316275,2.31482242118585
13,"bbis",0.0166666666666667,8760,12,143,100,52,70,141.442497968674,3.63576202753843,1.87406374180228,-0.0681131396485339,3.90362922476837
13,"euler",0.0166666666666667,17520,24,287,100,1,NA,0.0366818904876709,0.757559801173046,0.41484057328456,-0.0615190257988374,1.88878188823901
13,"bbis",0.0166666666666667,17520,24,287,100,52,75,298.846374034882,3.23575027113227,1.7799637385276,-0.0798558488143672,2.69369537137627
14,"euler",0.0166666666666667,365,0.5,5,100,1,NA,0.0180540084838867,2.88396293430085,1.33040179064269,-0.193232823032951,4.41010447558267
14,"bbis",0.0166666666666667,365,0.5,5,100,0,30,3.35477995872498,4.00824996817291,1.87349160647866,-0.22261440311998,4.90461021144551
14,"euler",0.0166666666666667,730,1,11,100,1,NA,0.0367450714111328,2.51394659826735,1.16356974911935,-0.0944608103697274,4.34103231477485
14,"bbis",0.0166666666666667,730,1,11,100,0,48,9.16923999786377,3.84614141185172,1.88058192849443,-0.127188049581516,5.2604712282497
14,"euler",0.0166666666666667,1460,2,23,100,1,NA,0.031080961227417,2.54299756537865,0.851312758926656,-0.0880151702954174,3.49470617954229
14,"bbis",0.0166666666666667,1460,2,23,100,0,85,26.6349790096283,3.99329376884778,1.80906852642099,-0.129286358589851,5.39667149410179
14,"euler",0.0166666666666667,4380,6,71,100,1,NA,0.032214879989624,1.45992317122651,0.523807090061078,-0.102555260774666,2.86913339815824
14,"bbis",0.0166666666666667,4380,6,71,100,52,143,138.897849082947,3.7037225288274,1.9979266443334,-0.147736060753902,4.94036595502881
14,"euler",0.0166666666666667,8760,12,143,100,1,NA,0.0540781021118164,0.870046210225585,0.237706652006831,-0.0889590840650277,2.56833661398069
14,"bbis",0.0166666666666667,8760,12,143,100,0,83,166.989809036255,3.23502034066483,1.53548202018727,-0.112527543936369,3.99739377186394
14,"euler",0.0166666666666667,17520,24,287,100,1,NA,0.0722200870513916,0.646849188214558,0.112838538135048,-0.0878286730418066,2.12275046907171
14,"bbis",0.0166666666666667,17520,24,287,100,0,85,339.766844987869,3.06122670233542,1.48674676100517,-0.113602088496548,2.74028137708308
15,"euler",0.0166666666666667,365,0.5,5,100,1,NA,0.017866849899292,3.44768403759782,1.09890915682991,-0.161021439156277,4.42603762196036
15,"bbis",0.0166666666666667,365,0.5,5,100,0,50,5.66051387786865,4.08400351991947,1.46153578117375,-0.178964614163605,4.98337268026585
15,"euler",0.0166666666666667,730,1,11,100,1,NA,0.0376780033111572,2.99094010639369,1.05219666560384,-0.126214200596861,4.1328880395115
15,"bbis",0.0166666666666667,730,1,11,100,0,91,17.5435581207275,4.11472277882997,1.65183696903802,-0.132782461880864,5.09429565226636
15,"euler",0.0166666666666667,1460,2,23,100,1,NA,0.0373249053955078,2.68812229029253,1.06444610641229,-0.102881880433218,3.49997063939106
15,"bbis",0.0166666666666667,1460,2,23,100,0,124,45.2213220596313,3.97769428341219,1.68252695654908,-0.0786434803738816,4.62270071069232
15,"euler",0.0166666666666667,4380,6,71,100,1,NA,0.0233371257781982,1.8842912970505,0.885338176680977,-0.0944430282180734,2.70361143383007
15,"bbis",0.0166666666666667,4380,6,71,100,0,119,116.784322023392,3.84722664971298,2.05269851713478,-0.0605776166674815,4.86809169867009
15,"euler",0.0166666666666667,8760,12,143,100,1,NA,0.0328500270843506,1.02283700754716,0.330637053127808,-0.119802170681255,2.52500476307435
15,"bbis",0.0166666666666667,8760,12,143,100,52,172,350.607496023178,3.5979586003448,1.88489455837156,-0.100799222983189,4.57679330985901
15,"euler",0.0166666666666667,17520,24,287,100,1,NA,0.0307390689849854,0.571636896264079,0.0211813188947135,-0.0812146348869618,2.20076754790067
15,"bbis",0.0166666666666667,17520,24,287,100,0,86,334.739995956421,2.94250244017075,1.32506736897404,-0.0944540530838396,3.31061475162908
16,"euler",0.0166666666666667,365,0.5,5,100,1,NA,0.0182828903198242,3.6229733708529,1.89539031487398,-0.184110487990638,4.44207578839823
16,"bbis",0.0166666666666667,365,0.5,5,100,52,85,9.5163848400116,4.51333878319455,2.21148455104934,-0.191420179843697,5.09212142100718
16,"euler",0.0166666666666667,730,1,11,100,1,NA,0.0290489196777344,3.38774668534791,2.04704919857954,-0.235364278190524,3.70758188416705
16,"bbis",0.0166666666666667,730,1,11,100,0,123,23.6867349147797,4.65930909068584,2.42559407654784,-0.22203554247785,5.0141358275186
16,"euler",0.0166666666666667,1460,2,23,100,1,NA,0.0371861457824707,2.4273901333745,1.27422118511409,-0.198893553438631,3.27060359050165
16,"bbis",0.0166666666666667,1460,2,23,100,0,27,9.20278000831604,4.39675184679643,2.32432208864153,-0.206363202974291,5.02355615476331
16,"euler",0.0166666666666667,4380,6,71,100,1,NA,0.0313041210174561,1.52781811024459,0.501933818332227,-0.0928799555535324,2.87874809887212
16,"bbis",0.0166666666666667,4380,6,71,100,0,179,179.133532047272,3.89872754598857,2.08627197523438,-0.130046544037243,4.74929412313247
16,"euler",0.0166666666666667,8760,12,143,100,1,NA,0.0254178047180176,0.995853707169349,0.180061777765271,-0.0900202255363417,2.51771660083142
16,"bbis",0.0166666666666667,8760,12,143,100,0,107,222.595982074738,3.45245198964412,1.56160252970014,-0.100586118227975,3.8681824174535
16,"euler",0.0166666666666667,17520,24,287,100,1,NA,0.0261731147766113,0.612262459560956,0.0562233997081492,-0.0995595874181686,2.18139317868634
16,"bbis",0.0166666666666667,17520,24,287,100,0,121,482.619132995605,3.07375266823319,1.29743950823596,-0.110908406582357,2.69688648105759
17,"euler",0.0166666666666667,365,0.5,5,100,1,NA,0.0179798603057861,3.63246957242947,1.53320385187608,-0.304252891610459,4.35546379076028
17,"bbis",0.0166666666666667,365,0.5,5,100,52,53,6.01974296569824,4.2567322259365,2.30461192300323,-0.263483536814971,5.07613763437224
17,"euler",0.0166666666666667,730,1,11,100,1,NA,0.0320351123809814,3.45613302914896,1.53985867413684,-0.119189679446186,3.89810961841036
17,"bbis",0.0166666666666667,730,1,11,100,0,44,8.544184923172,4.36990943685622,2.08914198023105,-0.117921429903617,5.10326857776652
17,"euler",0.0166666666666667,1460,2,23,100,1,NA,0.0360410213470459,2.59454200964214,1.01305328512255,-0.116606562882468,3.44671236697762
17,"bbis",0.0166666666666667,1460,2,23,100,0,59,21.1731240749359,4.17569233477069,1.96023115990286,-0.105995253339105,5.0072865389877
17,"euler",0.0166666666666667,4380,6,71,100,1,NA,0.0259940624237061,1.58509062796653,0.368773426732569,-0.105778588213484,2.64068244371324
17,"bbis",0.0166666666666667,4380,6,71,100,0,82,80.7377729415894,3.94669438807669,1.95269462654922,-0.109698944785031,4.48588957520996
17,"euler",0.0166666666666667,8760,12,143,100,1,NA,0.0501561164855957,1.0904849632817,0.30301994291503,-0.103236424367604,2.15082987294941
17,"bbis",0.0166666666666667,8760,12,143,100,0,158,324.783782958984,3.67008139916262,1.74865633042614,-0.0982004608720196,3.43292698423928
17,"euler",0.0166666666666667,17520,24,287,100,1,NA,0.0706570148468018,0.732175410236823,0.201950190129026,-0.106650484240975,1.92660114632543
17,"bbis",0.0166666666666667,17520,24,287,100,0,80,314.167683124542,3.16937506193662,1.27040501225667,-0.108094419419621,2.69172320370067
18,"euler",0.0166666666666667,365,0.5,5,100,1,NA,0.0183420181274414,3.20836526969358,1.34330222496962,-0.125807893036577,4.32527469635624
18,"bbis",0.0166666666666667,365,0.5,5,100,0,99,11.0504109859467,4.06467730934107,1.78327471448239,-0.124266892012014,4.72548390335972
18,"euler",0.0166666666666667,730,1,11,100,1,NA,0.0387120246887207,2.93686183424687,1.74480181803434,-0.134381894268612,4.05398008522424
18,"bbis",0.0166666666666667,730,1,11,100,52,115,21.9681739807129,4.12860620876381,2.15740957239844,-0.158602006933882,4.9372417772114
18,"euler",0.0166666666666667,1460,2,23,100,1,NA,0.0330560207366943,2.25209039519828,1.27070956155576,-0.151429053087979,3.6274681592826
18,"bbis",0.0166666666666667,1460,2,23,100,0,33,11.4684109687805,3.871754232029,2.17005910011147,-0.16309369672476,5.08133283346339
18,"euler",0.0166666666666667,4380,6,71,100,1,NA,0.0365729331970215,1.33874873594983,0.446401556824457,-0.118983711474257,2.89014778261265
18,"bbis",0.0166666666666667,4380,6,71,100,52,93,91.9425258636475,3.86810902778562,1.93447649493823,-0.142360935471485,4.39921240002718
18,"euler",0.0166666666666667,8760,12,143,100,1,NA,0.0366859436035156,1.18416343646983,0.46460563544535,-0.115636636826186,2.32647706153562
18,"bbis",0.0166666666666667,8760,12,143,100,0,155,323.667845010757,3.55349670404212,1.69644300110671,-0.119092510901658,4.12613969419838
18,"euler",0.0166666666666667,17520,24,287,100,1,NA,0.0324819087982178,0.765068234282135,0.210497314164617,-0.114874567597288,2.01949240676633
18,"bbis",0.0166666666666667,17520,24,287,100,0,77,301.726557016373,3.1197889410475,1.514593780721,-0.114327699135826,2.9928822815204
19,"euler",0.0166666666666667,365,0.5,5,100,1,NA,0.0176100730895996,2.4268759439675,1.14599380172962,-0.0397884830658653,4.64128163283521
19,"bbis",0.0166666666666667,365,0.5,5,100,0,27,3.03174686431885,3.05770785090975,1.73245738091732,-0.0457896146675398,4.96587041126593
19,"euler",0.0166666666666667,730,1,11,100,1,NA,0.0361039638519287,2.94794440314393,1.3110579532853,-0.0650262196750524,4.07473769054331
19,"bbis",0.0166666666666667,730,1,11,100,52,82,15.8962261676788,3.61801613074744,1.71411044210812,-0.0646614445060653,4.79504382678453
19,"euler",0.0166666666666667,1460,2,23,100,1,NA,0.0183370113372803,2.11384378265915,0.902027300193024,-0.067923273163009,3.84347889072805
19,"bbis",0.0166666666666667,1460,2,23,100,0,85,28.7470319271088,3.85676488043153,2.0746633915091,-0.0457232682575088,4.98634446784695
19,"euler",0.0166666666666667,4380,6,71,100,1,NA,0.0318059921264648,1.51267323574829,0.947053108184628,-0.0854492991221786,3.03254606113775
19,"bbis",0.0166666666666667,4380,6,71,100,0,53,45.3296520709991,3.83657464369393,2.02142582419347,-0.0644391983555689,4.50906361790546
19,"euler",0.0166666666666667,8760,12,143,100,1,NA,0.0358898639678955,0.818826077304595,0.40348125007185,-0.0862399099273164,2.54939107655915
19,"bbis",0.0166666666666667,8760,12,143,100,0,133,274.082629919052,3.38874401471412,1.80238072647862,-0.0711809388764286,4.21299745321781
19,"euler",0.0166666666666667,17520,24,287,100,1,NA,0.0441148281097412,0.491393948114772,0.0984476363180181,-0.0951301431998327,2.39182819296617
19,"bbis",0.0166666666666667,17520,24,287,100,0,59,235.085039138794,3.03563395134708,1.74067569790757,-0.0913181660846482,2.81601940161764
20,"euler",0.0166666666666667,365,0.5,5,100,1,NA,0.0195748805999756,3.43320247035499,1.6451834723731,-0.169577506847807,4.12526264731666
20,"bbis",0.0166666666666667,365,0.5,5,100,0,30,3.00426387786865,4.70995392397728,2.3112275192269,-0.103815334908635,4.75596642016728
20,"euler",0.0166666666666667,730,1,11,100,1,NA,0.0294210910797119,3.02644451210353,1.1125750126276,-0.198824041864503,3.89086598844212
20,"bbis",0.0166666666666667,730,1,11,100,52,93,17.9076430797577,4.20926826990582,1.82229046778195,-0.192065423281784,4.71613782249694
20,"euler",0.0166666666666667,1460,2,23,100,1,NA,0.034653902053833,2.01335962320645,0.812453356962517,-0.119303964638302,3.91061059789765
20,"bbis",0.0166666666666667,1460,2,23,100,0,31,10.9999780654907,4.16494145574022,2.1480505982824,-0.124277094540274,5.07726679272878
20,"euler",0.0166666666666667,4380,6,71,100,1,NA,0.0329101085662842,1.08235673793962,0.281226515325275,-0.0858227198189892,3.16386991348727
20,"bbis",0.0166666666666667,4380,6,71,100,52,70,69.4351620674133,3.57425698835005,1.77832497505582,-0.0800784251787931,4.72908328780514
20,"euler",0.0166666666666667,8760,12,143,100,1,NA,0.0571000576019287,0.853163125495558,0.0823463336315442,-0.0909698790566111,2.68152528360202
20,"bbis",0.0166666666666667,8760,12,143,100,0,38,79.1108589172363,3.47738606094812,1.64178290810869,-0.0961211943794581,4.01752482026217
20,"euler",0.0166666666666667,17520,24,287,100,1,NA,0.0633490085601807,0.544134374172788,-0.0204869230254856,-0.093620080750767,2.25904500152197
20,"bbis",0.0166666666666667,17520,24,287,100,0,136,540.811465978622,3.03212923244397,1.36998527683213,-0.10060077164224,3.30412976831691
21,"euler",0.0166666666666667,365,0.5,5,100,1,NA,0.0189459323883057,3.52819679559327,1.78794032089961,-0.128659920615531,4.14391849809284
21,"bbis",0.0166666666666667,365,0.5,5,100,52,90,10.0675439834595,4.45099777791228,2.28700438085521,-0.127114065596934,4.6709032787746
21,"euler",0.0166666666666667,730,1,11,100,1,NA,0.0323638916015625,2.86928101145596,1.76951556812909,-0.129765388533924,3.90584389585279
21,"bbis",0.0166666666666667,730,1,11,100,0,39,7.5632951259613,4.22420511949313,2.25916897183619,-0.123143025495738,4.77743395654083
21,"euler",0.0166666666666667,1460,2,23,100,1,NA,0.0323691368103027,1.98617614194635,1.03639994778978,-0.107323672197078,3.52112052408699
21,"bbis",0.0166666666666667,1460,2,23,100,52,54,17.6734309196472,4.2138563611953,2.22086475578204,-0.0896614319282374,4.69412860407805
21,"euler",0.0166666666666667,4380,6,71,100,1,NA,0.0345520973205566,1.24621940672808,0.578271446330449,-0.102579821970522,2.9268099857624
21,"bbis",0.0166666666666667,4380,6,71,100,52,118,116.744379997253,3.7362226637869,1.85141945572177,-0.079177944432493,4.86373829345493
21,"euler",0.0166666666666667,8760,12,143,100,1,NA,0.0467128753662109,0.942592301623229,0.374412099311422,-0.107980412517281,2.43925994145316
21,"bbis",0.0166666666666667,8760,12,143,100,52,97,199.131888151169,3.462476082955,1.72382994601513,-0.106294377641368,3.60431062643785
21,"euler",0.0166666666666667,17520,24,287,100,1,NA,0.0257208347320557,0.597702104545053,0.117256923028377,-0.105817576037401,2.16628595825672
21,"bbis",0.0166666666666667,17520,24,287,100,0,114,442.654850006104,3.01216631291032,1.3751745377422,-0.0977658762887281,2.80220958167095
22,"euler",0.0166666666666667,365,0.5,5,100,1,NA,0.0188610553741455,3.50073932844418,1.61247227946482,-0.265056923401415,4.40795615882482
22,"bbis",0.0166666666666667,365,0.5,5,100,0,36,3.56628203392029,4.33396899657863,2.17382043916275,-0.297963154773527,5.12628905148612
22,"euler",0.0166666666666667,730,1,11,100,1,NA,0.0338950157165527,2.7231210838136,1.20737119996667,-0.231376833179301,4.15237820977507
22,"bbis",0.0166666666666667,730,1,11,100,0,78,14.4855270385742,4.16942164379443,1.96433094043818,-0.245737215989841,5.12326065651727
22,"euler",0.0166666666666667,1460,2,23,100,1,NA,0.0375590324401855,1.93275108983742,0.806195450811161,-0.183765467946141,3.76932115259295
22,"bbis",0.0166666666666667,1460,2,23,100,0,109,40.5167717933655,4.17374914026099,1.97924142457832,-0.224410864583834,5.26022699344052
22,"euler",0.0166666666666667,4380,6,71,100,1,NA,0.0279760360717773,1.64162128702867,0.216444536715928,-0.108172587374478,2.75623584909427
22,"bbis",0.0166666666666667,4380,6,71,100,0,94,94.0683560371399,3.70221230767714,1.74986504850663,-0.135856383025472,4.47023062609668
22,"euler",0.0166666666666667,8760,12,143,100,1,NA,0.0449850559234619,1.11542909524071,0.189568051614592,-0.111672043821972,2.35693826950373
22,"bbis",0.0166666666666667,8760,12,143,100,52,71,146.73228096962,3.60782486844548,1.73329795169404,-0.117225295808752,3.68113061154608
22,"euler",0.0166666666666667,17520,24,287,100,1,NA,0.0343468189239502,0.696967778979167,0.0865365273151438,-0.111692054998858,1.83473982008723
22,"bbis",0.0166666666666667,17520,24,287,100,0,57,229.510114908218,3.19959839200843,1.45860203695805,-0.104705615868261,2.71539236196079
23,"euler",0.0166666666666667,365,0.5,5,100,1,NA,0.0195798873901367,3.24533736871037,1.88980084076166,-0.148062105464666,4.36799858544189
23,"bbis",0.0166666666666667,365,0.5,5,100,0,42,4.80577802658081,4.45879528985935,2.59097626374371,-0.171410506275928,4.97965711091856
23,"euler",0.0166666666666667,730,1,11,100,1,NA,0.040532112121582,2.7943382121104,1.57675392797252,-0.114925841256344,4.20842576194774
23,"bbis",0.0166666666666667,730,1,11,100,52,141,27.1286029815674,4.45665841171288,2.41991724624465,-0.132970386562652,5.13317730278359
23,"euler",0.0166666666666667,1460,2,23,100,1,NA,0.0326788425445557,2.19451358034859,0.818587816382327,-0.108662459715805,3.79201829947091
23,"bbis",0.0166666666666667,1460,2,23,100,0,87,31.8898959159851,4.24157819877786,2.1159403453451,-0.136068791287809,5.31704977479599
23,"euler",0.0166666666666667,4380,6,71,100,1,NA,0.0362310409545898,1.39319406897273,0.659957951601861,-0.116383542329382,2.87668851309301
23,"bbis",0.0166666666666667,4380,6,71,100,52,124,119.492682933807,3.79949060801922,2.19761679001233,-0.126858865237506,4.64353859451525
23,"euler",0.0166666666666667,8760,12,143,100,1,NA,0.0426709651947021,0.943200174532382,0.27768080518478,-0.0992128249148445,2.53929258079429
23,"bbis",0.0166666666666667,8760,12,143,100,52,86,177.444200992584,3.43950965914238,1.77111317125575,-0.0938841350520266,4.1479513655701
23,"euler",0.0166666666666667,17520,24,287,100,1,NA,0.0297510623931885,0.696241944279826,0.249269329318645,-0.101350878393537,2.06774878600342
23,"bbis",0.0166666666666667,17520,24,287,100,0,90,355.78166103363,3.11963519716691,1.53898175990629,-0.0831519755336438,2.96734153675058
24,"euler",0.0166666666666667,365,0.5,5,100,1,NA,0.0202949047088623,3.20788562728089,1.86108951907561,-0.0397043679562801,4.36977248029932
24,"bbis",0.0166666666666667,365,0.5,5,100,0,72,8.29305696487427,4.05571264872885,2.19537560445759,-0.0421516243176771,5.04572153272124
24,"euler",0.0166666666666667,730,1,11,100,1,NA,0.0316460132598877,3.10593762110418,1.48469527638405,-0.0706502350211446,3.6993878021608
24,"bbis",0.0166666666666667,730,1,11,100,52,53,10.2569451332092,4.62758889258387,2.53959251118414,-0.0784048113609219,4.65967016154659
24,"euler",0.0166666666666667,1460,2,23,100,1,NA,0.0369338989257812,2.60094948801563,0.928030946142095,-0.0931886161038128,3.41241782034829
24,"bbis",0.0166666666666667,1460,2,23,100,0,80,28.6695458889008,4.50169542338743,2.3096217438889,-0.0982272868249204,4.90016673369073
24,"euler",0.0166666666666667,4380,6,71,100,1,NA,0.0368452072143555,1.67215846607426,0.618369068158477,-0.103570227035985,2.76593944623321
24,"bbis",0.0166666666666667,4380,6,71,100,0,22,21.9257340431213,3.80500886225916,1.98174440259238,-0.0944203396360648,4.84336502932217
24,"euler",0.0166666666666667,8760,12,143,100,1,NA,0.0355510711669922,1.19355713421165,0.320477733668892,-0.086315597235962,2.49615244318559
24,"bbis",0.0166666666666667,8760,12,143,100,52,207,415.89181303978,3.61408032203231,1.6082298211469,-0.0822095325511287,3.72053626553512
24,"euler",0.0166666666666667,17520,24,287,100,1,NA,0.0616910457611084,0.716726458546663,0.182819753247656,-0.0788524273023682,2.07235217414361
24,"bbis",0.0166666666666667,17520,24,287,100,0,52,207.197285890579,3.22143155782473,1.57176837553094,-0.0712574219752863,2.69768979680062
25,"euler",0.0166666666666667,365,0.5,5,100,1,NA,0.0195960998535156,3.68281054327802,1.99595921404383,-0.120773818701417,4.23663313556083
25,"bbis",0.0166666666666667,365,0.5,5,100,52,92,10.5576341152191,4.26960260999408,2.4082196893824,-0.10894540362685,4.88621169851886
25,"euler",0.0166666666666667,730,1,11,100,1,NA,0.0413289070129395,3.06224178729238,1.5019412074331,-0.104093880773053,4.01819603121052
25,"bbis",0.0166666666666667,730,1,11,100,0,44,8.03738713264465,3.7461730481992,2.1316510963488,-0.0969284296048972,4.99866214316815
25,"euler",0.0166666666666667,1460,2,23,100,1,NA,0.036937952041626,2.4810683415387,1.07335806905257,-0.109809871321343,3.4912525402636
25,"bbis",0.0166666666666667,1460,2,23,100,0,29,10.1050980091095,3.76736085886118,1.98375615817732,-0.0952178994238357,4.77932963031285
25,"euler",0.0166666666666667,4380,6,71,100,1,NA,0.028641939163208,1.60801869797659,0.614990593034093,-0.116623703410557,2.75538722553049
25,"bbis",0.0166666666666667,4380,6,71,100,0,51,49.9528238773346,3.87389212527455,1.75125190493498,-0.105854751312675,4.41166443193544
25,"euler",0.0166666666666667,8760,12,143,100,1,NA,0.0380051136016846,0.942141196038954,0.315752624165077,-0.101491453590711,2.33802465180629
25,"bbis",0.0166666666666667,8760,12,143,100,52,133,272.423282146454,3.54320926205633,1.6111334960872,-0.107351357520978,3.30520252194399
25,"euler",0.0166666666666667,17520,24,287,100,1,NA,0.0963070392608643,0.648105336140251,0.120174589574195,-0.088338570492657,2.01351651209272
25,"bbis",0.0166666666666667,17520,24,287,100,0,103,412.199647903442,3.07857090720006,1.3216426718438,-0.0906818600861357,3.10924673480607
26,"euler",0.0166666666666667,365,0.5,5,100,1,NA,0.0189480781555176,3.14856387904748,1.49658295023889,-0.212140827313051,4.42040003996207
26,"bbis",0.0166666666666667,365,0.5,5,100,52,107,11.9181051254272,3.97650869892244,1.91623363415554,-0.184162747599957,5.0393377680209
26,"euler",0.0166666666666667,730,1,11,100,1,NA,0.0358579158782959,3.10470164670855,1.82066209665271,-0.08700730851915,3.93822835453307
26,"bbis",0.0166666666666667,730,1,11,100,0,52,8.51794791221619,4.38633654670668,2.22342901966376,-0.0868589136699127,5.06310140019387
26,"euler",0.0166666666666667,1460,2,23,100,1,NA,0.0369229316711426,2.44327624273887,1.17497759599714,-0.0804995759070769,3.43117530360467
26,"bbis",0.0166666666666667,1460,2,23,100,52,114,39.9635879993439,4.25907380370648,1.9906909834994,-0.0460749525548379,5.02137749607979
26,"euler",0.0166666666666667,4380,6,71,100,1,NA,0.0350527763366699,1.30021930707393,0.500759814125905,-0.121833195148633,2.99774688841686
26,"bbis",0.0166666666666667,4380,6,71,100,0,58,57.3909471035004,3.90364129842972,1.6979311309734,-0.121929211348562,4.72525336255562
26,"euler",0.0166666666666667,8760,12,143,100,1,NA,0.03666090965271,0.794771913813121,0.422723620623483,-0.119752464433367,2.66137012310065
26,"bbis",0.0166666666666667,8760,12,143,100,52,102,211.049561977386,3.40813737322288,1.65030343844874,-0.125189784426852,3.6707624507217
26,"euler",0.0166666666666667,17520,24,287,100,1,NA,0.0370478630065918,0.569073446459978,0.123756065682387,-0.098304290049569,2.53607866581226
26,"bbis",0.0166666666666667,17520,24,287,100,0,124,480.99054312706,3.12568446986292,1.28923065507613,-0.0948054354592914,3.11678301277938
27,"euler",0.0166666666666667,365,0.5,5,100,1,NA,0.0183911323547363,3.22780972395298,1.95259444082059,-0.0367530400511177,4.40149717330107
27,"bbis",0.0166666666666667,365,0.5,5,100,0,26,2.92268109321594,4.1874238883959,2.4772758694892,-0.0270887827581215,4.94872437811047
27,"euler",0.0166666666666667,730,1,11,100,1,NA,0.0301470756530762,2.93129941205062,1.57369027636746,-0.0777992436746372,4.09924293470396
27,"bbis",0.0166666666666667,730,1,11,100,52,87,16.7639470100403,4.18458853887717,2.35464784930299,-0.0758050023664777,4.93362637619309
27,"euler",0.0166666666666667,1460,2,23,100,1,NA,0.0319559574127197,2.43306537179101,1.16703640991447,-0.0789085738484046,3.54619670091119
27,"bbis",0.0166666666666667,1460,2,23,100,0,40,14.7480850219727,3.77140415715076,2.06067693178522,-0.0572180834457628,4.85858663549727
27,"euler",0.0166666666666667,4380,6,71,100,1,NA,0.0344481468200684,1.65912991202737,0.649228863794063,-0.0850554008654267,3.03054365496658
27,"bbis",0.0166666666666667,4380,6,71,100,0,87,85.0661551952362,3.98762245064991,2.02249243439753,-0.0743634348874814,5.20742212194405
27,"euler",0.0166666666666667,8760,12,143,100,1,NA,0.0403289794921875,1.05202232304354,0.274460186203193,-0.0945469290810727,2.5698169891923
27,"bbis",0.0166666666666667,8760,12,143,100,52,55,116.069145917892,3.54258487236188,1.76055990882313,-0.0815119797556054,4.85103993634749
27,"euler",0.0166666666666667,17520,24,287,100,1,NA,0.0744550228118896,0.527249477635953,-0.0124355049224714,-0.0934751025440665,2.114710440422
27,"bbis",0.0166666666666667,17520,24,287,100,0,74,293.668572187424,3.1060973237232,1.38349896824413,-0.0871594211392321,3.10647275928879
28,"euler",0.0166666666666667,365,0.5,5,100,1,NA,0.0181229114532471,3.90531624512825,1.5993518196982,-0.624680686988027,4.17534936813816
28,"bbis",0.0166666666666667,365,0.5,5,100,0,50,4.32613706588745,4.54669610922452,1.89340979935176,-0.501327302243147,5.02598066153676
28,"euler",0.0166666666666667,730,1,11,100,1,NA,0.0294191837310791,3.07110762117586,1.50825755514176,-0.226861086512753,3.75331220257831
28,"bbis",0.0166666666666667,730,1,11,100,52,75,14.5172879695892,4.0615232963615,2.07345253179423,-0.158640491780647,4.70779570264237
28,"euler",0.0166666666666667,1460,2,23,100,1,NA,0.0210928916931152,2.62626437421334,1.12838171269638,-0.155375925734745,3.38866735616868
28,"bbis",0.0166666666666667,1460,2,23,100,0,69,22.8448231220245,3.91693207000496,2.03988408377214,-0.140575991719913,4.94138997235554
28,"euler",0.0166666666666667,4380,6,71,100,1,NA,0.0391290187835693,1.59004284906491,0.508987516877123,-0.0764622818403214,2.83560877981015
28,"bbis",0.0166666666666667,4380,6,71,100,52,130,126.81632399559,3.76203068843937,1.84488702160856,-0.085486805364864,4.80144305619941
28,"euler",0.0166666666666667,8760,12,143,100,1,NA,0.0473330020904541,1.02727405160132,0.194332886599733,-0.0996967378788023,2.39434886343188
28,"bbis",0.0166666666666667,8760,12,143,100,0,61,124.566249132156,3.60409421296292,1.67392968142978,-0.0911312541687248,3.84295244403716
28,"euler",0.0166666666666667,17520,24,287,100,1,NA,0.0370841026306152,0.659573858979322,0.194325578198172,-0.101981944251234,1.99370626571715
28,"bbis",0.0166666666666667,17520,24,287,100,0,70,276.486632108688,3.06875008427261,1.11401197683286,-0.0967012771198906,2.41842111745726
29,"euler",0.0166666666666667,365,0.5,5,100,1,NA,0.0191900730133057,2.41331287987321,1.42675724933688,-0.0529004193031222,4.61325745383556
29,"bbis",0.0166666666666667,365,0.5,5,100,52,104,11.8952219486237,3.41217999798325,1.93836960399832,-0.0389429546283333,4.99977215980049
29,"euler",0.0166666666666667,730,1,11,100,1,NA,0.0367789268493652,2.41659415725144,1.25916898282375,-0.0549505664911836,4.33284078093568
29,"bbis",0.0166666666666667,730,1,11,100,0,32,5.56556391716003,3.91206635336287,1.98108215295596,-0.0348859686351551,5.19262862838741
29,"euler",0.0166666666666667,1460,2,23,100,1,NA,0.0315392017364502,1.8411058370133,1.19818740464418,-0.0578910265672903,3.92416086462039
29,"bbis",0.0166666666666667,1460,2,23,100,0,28,10.0704350471497,4.02975697726132,2.16355278384049,-0.0518087951646318,5.1498131287358
29,"euler",0.0166666666666667,4380,6,71,100,1,NA,0.0322890281677246,1.50114868777088,0.826084386232224,-0.112020826105752,2.98008957383697
29,"bbis",0.0166666666666667,4380,6,71,100,0,145,143.920931100845,4.00200784798494,1.94212133740348,-0.0974969802173519,4.96965305206132
29,"euler",0.0166666666666667,8760,12,143,100,1,NA,0.0584099292755127,1.01869265558728,0.609278605400347,-0.10315518957473,2.65835168925844
29,"bbis",0.0166666666666667,8760,12,143,100,52,309,641.394295930862,3.37235413546043,1.47514226906559,-0.115974330671636,3.91619317931296
29,"euler",0.0166666666666667,17520,24,287,100,1,NA,0.0348420143127441,0.564442700722259,0.239527000371044,-0.0990076543924538,2.21997645611761
29,"bbis",0.0166666666666667,17520,24,287,100,52,191,741.584254980087,2.96167778365044,1.30750123434845,-0.102088985008483,3.43458099898785
30,"euler",0.0166666666666667,365,0.5,5,100,1,NA,0.0178389549255371,3.04387637944589,0.77905181051648,-0.0799103226544914,4.45732048396545
30,"bbis",0.0166666666666667,365,0.5,5,100,0,38,4.32172393798828,4.00076710009346,1.59076765684788,-0.114171178367343,4.83780718058468
30,"euler",0.0166666666666667,730,1,11,100,1,NA,0.0311288833618164,2.73198259925437,0.810201334663971,-0.137665769261852,4.07243439328379
30,"bbis",0.0166666666666667,730,1,11,100,0,31,5.86301589012146,4.40205991191905,1.82772558581018,-0.1292921385701,4.88535431684712
30,"euler",0.0166666666666667,1460,2,23,100,1,NA,0.0354800224304199,1.94069044070696,0.888140268755914,-0.11564894964584,3.90815853385279
30,"bbis",0.0166666666666667,1460,2,23,100,52,116,40.7844090461731,4.33359275103151,2.29314440021942,-0.139216015800954,5.16960420052024
30,"euler",0.0166666666666667,4380,6,71,100,1,NA,0.0331690311431885,1.20953154689369,0.541875626368332,-0.0878240453639378,3.14393242059592
30,"bbis",0.0166666666666667,4380,6,71,100,0,131,129.153443098068,3.8386350431988,1.9515844965952,-0.0872634710606976,4.36689423248009
30,"euler",0.0166666666666667,8760,12,143,100,1,NA,0.0419280529022217,0.849473892700642,0.348519969299527,-0.119842718255915,2.53046745604513
30,"bbis",0.0166666666666667,8760,12,143,100,52,85,176.337668895721,3.38883364418493,1.67135797510806,-0.117203832591292,3.79269073528535
30,"euler",0.0166666666666667,17520,24,287,100,1,NA,0.098336935043335,0.558386625653885,0.280207233377502,-0.0746533742251853,2.22635778060237
30,"bbis",0.0166666666666667,17520,24,287,100,52,72,288.780831813812,2.95522396866082,1.4162087942222,-0.0850697972041049,3.00271185905768
31,"euler",0.0166666666666667,365,0.5,5,100,1,NA,0.0182480812072754,3.84562241677932,1.46547801502261,-0.064642563833289,4.21306247543459
31,"bbis",0.0166666666666667,365,0.5,5,100,0,48,5.41647505760193,4.32160572797248,1.75758286236177,-0.0651110285866779,4.67914606746197
31,"euler",0.0166666666666667,730,1,11,100,1,NA,0.0318880081176758,2.85790795671009,1.51648386499254,-0.0839867368774399,3.82065870016771
31,"bbis",0.0166666666666667,730,1,11,100,52,121,23.3888981342316,4.42313968870419,1.85192151270936,-0.105915433107181,4.68350591536058
31,"euler",0.0166666666666667,1460,2,23,100,1,NA,0.0284459590911865,1.98854122768774,1.16962371708529,-0.118601614637132,3.53761734467786
31,"bbis",0.0166666666666667,1460,2,23,100,0,48,17.2552440166473,4.20022776066938,1.97309995356725,-0.119372506945928,4.56932895286742
31,"euler",0.0166666666666667,4380,6,71,100,1,NA,0.0326189994812012,1.28646845700997,0.489657523496523,-0.102102924940862,2.94692351984796
31,"bbis",0.0166666666666667,4380,6,71,100,52,88,87.6147220134735,4.02936608162014,2.04620108938868,-0.111524187283126,4.73537657091686
31,"euler",0.0166666666666667,8760,12,143,100,1,NA,0.0287339687347412,0.946764179412633,0.432694874281399,-0.134137022601337,2.6445414519737
31,"bbis",0.0166666666666667,8760,12,143,100,0,60,122.589365005493,3.48894733025202,1.84134837933862,-0.118569450716396,4.09255412642583
31,"euler",0.0166666666666667,17520,24,287,100,1,NA,0.0634050369262695,0.546767875853329,0.26057085689983,-0.0833509631452702,2.4612728705177
31,"bbis",0.0166666666666667,17520,24,287,100,0,126,501.374780893326,2.83534225751464,1.46285216561117,-0.0947687731646478,3.69298217623075
32,"euler",0.0166666666666667,365,0.5,5,100,1,NA,0.019758939743042,2.90186374033617,1.73379496027211,0.0016731923618951,4.38889933786762
32,"bbis",0.0166666666666667,365,0.5,5,100,52,58,6.43114185333252,4.06916236788119,2.27024069803501,0.0232570843128334,4.9781018129089
32,"euler",0.0166666666666667,730,1,11,100,1,NA,0.0396699905395508,2.63336688654314,1.87119514853279,-0.0442880827586678,4.03894774471903
32,"bbis",0.0166666666666667,730,1,11,100,52,125,23.8456449508667,4.06095624767523,2.08444159430337,-0.0409078268968962,5.09361416612662
32,"euler",0.0166666666666667,1460,2,23,100,1,NA,0.0223128795623779,2.120008476408,1.09562687317832,-0.0694749919196198,3.66220777715288
32,"bbis",0.0166666666666667,1460,2,23,100,0,75,26.8633739948273,4.16002575785367,2.0472203678343,-0.0681492436710383,4.93571855753754
32,"euler",0.0166666666666667,4380,6,71,100,1,NA,0.0299949645996094,1.44965736264963,0.48774780943876,-0.0697320077160242,2.94375483158239
32,"bbis",0.0166666666666667,4380,6,71,100,0,38,35.6298949718475,3.97093180229112,1.9498078163519,-0.07499815689666,5.00040408015114
32,"euler",0.0166666666666667,8760,12,143,100,1,NA,0.0575690269470215,0.955315604823716,0.263520293322638,-0.0758720435486315,2.51611633058821
32,"bbis",0.0166666666666667,8760,12,143,100,0,104,217.114241838455,3.58644487092493,1.85436834850398,-0.0993521777022122,3.89945008862425
32,"euler",0.0166666666666667,17520,24,287,100,1,NA,0.0328428745269775,0.682404448357021,0.20215203384042,-0.0856959815823323,2.08017232417717
32,"bbis",0.0166666666666667,17520,24,287,100,0,76,300.008163928986,3.27331672280297,1.54390134830403,-0.111897179522057,2.81683159300003
33,"euler",0.0166666666666667,365,0.5,5,100,1,NA,0.0175650119781494,3.23064187827512,1.5176755883009,-0.253337684283958,4.55077887655911
33,"bbis",0.0166666666666667,365,0.5,5,100,52,69,7.71415114402771,3.93882245215055,1.99233589512311,-0.257968147092162,5.10016085139132
33,"euler",0.0166666666666667,730,1,11,100,1,NA,0.0389468669891357,2.71484761662549,1.22384224570699,-0.237761162437314,4.15181534734878
33,"bbis",0.0166666666666667,730,1,11,100,52,89,17.3778359889984,3.89889612775021,1.94402097963128,-0.248620722713634,5.03122389830086
33,"euler",0.0166666666666667,1460,2,23,100,1,NA,0.0346510410308838,1.9058553804755,0.897417585746763,-0.171393150983513,3.89052740496212
33,"bbis",0.0166666666666667,1460,2,23,100,52,73,26.1756830215454,3.82753936508851,2.06491152809094,-0.18941428395647,5.01807696310179
33,"euler",0.0166666666666667,4380,6,71,100,1,NA,0.0214080810546875,1.30956680524326,0.949338332904976,-0.0436520129343511,3.00851037026563
33,"bbis",0.0166666666666667,4380,6,71,100,52,206,203.175670146942,3.5477113261737,1.96903009656383,-0.0766825309255503,4.44812312947709
33,"euler",0.0166666666666667,8760,12,143,100,1,NA,0.0336709022521973,0.900115327460063,0.504113429704061,-0.0518350249237914,2.53335414488457
33,"bbis",0.0166666666666667,8760,12,143,100,0,95,198.905210971832,3.63787067957464,1.78289150433017,-0.0681292492679367,3.94356612008925
33,"euler",0.0166666666666667,17520,24,287,100,1,NA,0.0429978370666504,0.685115764555368,0.188505983621654,-0.0650557781121391,2.20482932799264
33,"bbis",0.0166666666666667,17520,24,287,100,0,105,410.679781913757,3.07221165462849,1.51945570283755,-0.0749277071764384,3.13582569475756
34,"euler",0.0166666666666667,365,0.5,5,100,1,NA,0.0194478034973145,3.51350069604199,1.74961780552247,-0.501119074324786,4.28076397551373
34,"bbis",0.0166666666666667,365,0.5,5,100,0,32,3.50827980041504,4.43598621403298,2.5959222525304,-0.409446773770488,5.01847096238039
34,"euler",0.0166666666666667,730,1,11,100,1,NA,0.0362119674682617,3.07301517138236,1.52659962043733,-0.389445096480846,4.09047613472846
34,"bbis",0.0166666666666667,730,1,11,100,52,68,13.4595539569855,4.07602295027777,2.2708033745914,-0.363656089806386,5.18695206850354
34,"euler",0.0166666666666667,1460,2,23,100,1,NA,0.0325100421905518,2.11647059755322,0.957791381249068,-0.130554202648585,3.65288340542245
34,"bbis",0.0166666666666667,1460,2,23,100,0,76,27.5977909564972,3.87799451669524,2.25577371756169,-0.100960816647386,4.76937469111208
34,"euler",0.0166666666666667,4380,6,71,100,1,NA,0.0362648963928223,1.27589113390806,0.485037399052946,-0.101615736267613,2.97111984626498
34,"bbis",0.0166666666666667,4380,6,71,100,52,85,84.5766298770905,3.67463337903217,1.95478081850316,-0.115591248360503,4.38207567276684
34,"euler",0.0166666666666667,8760,12,143,100,1,NA,0.0377659797668457,0.695898939287382,0.236297450203438,-0.0908086878352801,2.58443222781004
34,"bbis",0.0166666666666667,8760,12,143,100,0,50,101.087146997452,3.38823009367316,1.96296793707746,-0.0816463874854549,3.84184032939873
34,"euler",0.0166666666666667,17520,24,287,100,1,NA,0.028742790222168,0.459567809104776,0.134190338048537,-0.0952497748719928,2.03361277724719
34,"bbis",0.0166666666666667,17520,24,287,100,0,83,327.614768028259,3.26720489724209,1.55687766217565,-0.0962789870493358,2.91578271340296
35,"euler",0.0166666666666667,365,0.5,5,100,1,NA,0.0186560153961182,3.03471536832229,1.56857876627623,-0.0944710326041327,4.24606232162633
35,"bbis",0.0166666666666667,365,0.5,5,100,52,87,9.89475512504578,4.00370170632555,1.83449114035945,-0.0637888961978373,4.7484971684608
35,"euler",0.0166666666666667,730,1,11,100,1,NA,0.0337550640106201,2.58811915249956,1.25246663500496,-0.113491797148042,4.25819663500863
35,"bbis",0.0166666666666667,730,1,11,100,52,61,11.7371490001678,4.12245080915503,1.77807045937231,-0.112749501567508,5.11496462012743
35,"euler",0.0166666666666667,1460,2,23,100,1,NA,0.0316100120544434,2.21132846800291,0.888302909877201,-0.135341751446552,3.6508974771692
35,"bbis",0.0166666666666667,1460,2,23,100,0,40,14.4289948940277,4.10039477376971,1.87752674201913,-0.141196848880432,5.16759678058583
35,"euler",0.0166666666666667,4380,6,71,100,1,NA,0.0321340560913086,1.61619081570105,0.60808728933921,-0.0751544452120896,2.82321757200147
35,"bbis",0.0166666666666667,4380,6,71,100,0,160,155.256376981735,3.87794647396427,1.88582223372531,-0.0805506353584757,4.9743630237187
35,"euler",0.0166666666666667,8760,12,143,100,1,NA,0.0306379795074463,1.16072890420742,0.432441091467372,-0.0634569959231714,2.21938127822681
35,"bbis",0.0166666666666667,8760,12,143,100,52,185,381.979104042053,3.59960075002665,1.77554495316782,-0.0672113453573218,3.46603211405527
35,"euler",0.0166666666666667,17520,24,287,100,1,NA,0.0729708671569824,0.610897886395117,0.195240985509175,-0.0739722996819582,2.08543932620066
35,"bbis",0.0166666666666667,17520,24,287,100,0,169,650.307624101639,2.94360240557867,1.71874123395346,-0.0871828328233674,2.82945068149228
36,"euler",0.0166666666666667,365,0.5,5,100,1,NA,0.0199041366577148,3.91718972986831,1.8807615743167,0.0609594256740813,4.20279256366303
36,"bbis",0.0166666666666667,365,0.5,5,100,0,127,14.5392611026764,5.31507357874251,2.54791871660474,0.0727977220182408,4.73953096781079
36,"euler",0.0166666666666667,730,1,11,100,1,NA,0.0394070148468018,2.83452539215395,1.70939727701681,-0.0434054587613792,3.92056203550733
36,"bbis",0.0166666666666667,730,1,11,100,52,72,13.8706238269806,4.09153678768536,1.96414905837801,-0.0570583344664954,4.73073237578986
36,"euler",0.0166666666666667,1460,2,23,100,1,NA,0.0315840244293213,2.14867739561964,1.47311687629429,-0.0649166206779662,3.42539382068796
36,"bbis",0.0166666666666667,1460,2,23,100,52,55,20.0655570030212,4.18202499728074,1.55098320630652,-0.0828721962009989,4.60924488333701
36,"euler",0.0166666666666667,4380,6,71,100,1,NA,0.0237150192260742,1.76370454722791,1.62207354959326,-0.0586678625237845,2.40428466048946
36,"bbis",0.0166666666666667,4380,6,71,100,0,60,60.3081290721893,4.12358085688446,1.87388662275897,-0.0783822068294805,4.37465098759722
36,"euler",0.0166666666666667,8760,12,143,100,1,NA,0.0494258403778076,1.12577790984445,0.998693211521871,-0.0515854024943784,2.2999423143617
36,"bbis",0.0166666666666667,8760,12,143,100,0,53,110.172660112381,3.37983939582996,1.65579987109123,-0.0776174157463905,4.01305754173409
36,"euler",0.0166666666666667,17520,24,287,100,1,NA,0.0537080764770508,0.725485622811912,0.349583337028915,-0.0497243841422338,1.8975817499675
36,"bbis",0.0166666666666667,17520,24,287,100,0,125,496.705687046051,3.23560786958473,1.51961935564127,-0.0730053112968151,2.92755842768361
37,"euler",0.0166666666666667,365,0.5,5,100,1,NA,0.0186169147491455,2.69520130334665,1.72410370475439,-0.0148373328888652,4.31924349257936
37,"bbis",0.0166666666666667,365,0.5,5,100,0,37,3.44172215461731,4.07070400367269,2.23895709772739,-0.0103156462064942,4.88337137892122
37,"euler",0.0166666666666667,730,1,11,100,1,NA,0.0301768779754639,2.75280444461889,1.2079176534488,-0.114656267311947,4.08892926079518
37,"bbis",0.0166666666666667,730,1,11,100,52,58,10.2980258464813,3.95053155550031,1.8780986460122,-0.0797111647392088,5.03990446409769
37,"euler",0.0166666666666667,1460,2,23,100,1,NA,0.0349211692810059,2.70576440287276,1.16754065586464,-0.090732421363034,3.52494865891756
37,"bbis",0.0166666666666667,1460,2,23,100,0,48,16.5963840484619,4.32336088712498,2.02429005219724,-0.0699594224240209,4.89830969375573
37,"euler",0.0166666666666667,4380,6,71,100,1,NA,0.0462419986724854,1.34064179651688,0.691148284929391,-0.103121346536607,3.19672728288022
37,"bbis",0.0166666666666667,4380,6,71,100,0,177,174.100388050079,3.6320328913679,1.78309973661529,-0.100537667469088,4.64992683793389
37,"euler",0.0166666666666667,8760,12,143,100,1,NA,0.0243339538574219,1.14209607157283,0.426302133728785,-0.0801108075612708,2.5221919758034
37,"bbis",0.0166666666666667,8760,12,143,100,52,110,227.042813062668,3.32900714226717,1.60971367030891,-0.0983174974629681,3.86107459721249
37,"euler",0.0166666666666667,17520,24,287,100,1,NA,0.0967020988464355,0.70343729714804,0.181828225920921,-0.080450559021711,2.06423056634508
37,"bbis",0.0166666666666667,17520,24,287,100,0,120,466.525141954422,3.24780701392445,1.48330033094146,-0.0984890473580444,2.84531916229854
38,"euler",0.0166666666666667,365,0.5,5,100,1,NA,0.0183389186859131,3.35860417749615,1.75897405070671,-0.0144893988944885,4.26749812257205
38,"bbis",0.0166666666666667,365,0.5,5,100,0,24,2.65156412124634,4.34509163431121,2.2308588317308,0.027365901457558,4.92052376245202
38,"euler",0.0166666666666667,730,1,11,100,1,NA,0.0346410274505615,3.09135213661221,1.81535500968051,-0.0796327681166337,3.73095870116141
38,"bbis",0.0166666666666667,730,1,11,100,0,66,11.6877889633179,4.43817185764858,2.03909405979835,-0.100759373174102,4.68675084212858
38,"euler",0.0166666666666667,1460,2,23,100,1,NA,0.0286149978637695,2.77697200521453,1.4718205392696,-0.0944918289270918,3.31753576637819
38,"bbis",0.0166666666666667,1460,2,23,100,0,125,44.8948929309845,4.42329636435243,2.02567636637188,-0.106656127395173,4.6521922146404
38,"euler",0.0166666666666667,4380,6,71,100,1,NA,0.0344507694244385,1.54749447791786,0.873852568436374,-0.0914799861432161,2.85862202916695
38,"bbis",0.0166666666666667,4380,6,71,100,0,55,54.4069471359253,3.84979636844605,2.03594019844513,-0.0767500678186791,4.45522971638857
38,"euler",0.0166666666666667,8760,12,143,100,1,NA,0.049497127532959,1.11400245663261,0.944066497652903,-0.0759643106940791,2.33678680679149
38,"bbis",0.0166666666666667,8760,12,143,100,0,200,413.496884822845,3.69945150184352,1.91607307710877,-0.101054006217515,4.16437621630603
38,"euler",0.0166666666666667,17520,24,287,100,1,NA,0.0253899097442627,0.571380462904454,0.263237898377237,-0.0721803059693441,1.98811113282392
38,"bbis",0.0166666666666667,17520,24,287,100,52,93,369.464886903763,3.02727385388684,1.52652002627342,-0.100102435735622,2.96709542543518
39,"euler",0.0166666666666667,365,0.5,5,100,1,NA,0.0202169418334961,3.81566909537726,1.6770104062751,-0.632480521538851,3.83896982485565
39,"bbis",0.0166666666666667,365,0.5,5,100,0,56,6.30522799491882,4.26669585968087,2.07978996920255,-0.495548619244746,4.47915254530144
39,"euler",0.0166666666666667,730,1,11,100,1,NA,0.033024787902832,2.93226155615281,1.56609799835225,-0.063503988613513,3.97719544200688
39,"bbis",0.0166666666666667,730,1,11,100,0,55,8.76995015144348,4.40645015088355,2.55826904945771,-0.0594410250815659,5.01221924083328
39,"euler",0.0166666666666667,1460,2,23,100,1,NA,0.030066967010498,2.03756374462647,0.932714071649925,-0.0901765493042383,3.48180703880549
39,"bbis",0.0166666666666667,1460,2,23,100,0,56,17.418948173523,4.352285900446,2.58162801508792,-0.0903328228661142,4.66660517849937
39,"euler",0.0166666666666667,4380,6,71,100,1,NA,0.036113977432251,1.42462316607402,0.469934392229458,-0.0990313804399038,2.71328556424583
39,"bbis",0.0166666666666667,4380,6,71,100,0,62,61.4369678497314,3.93648587035555,2.25443713116996,-0.109723624617456,4.56494059928143
39,"euler",0.0166666666666667,8760,12,143,100,1,NA,0.0530979633331299,1.12056277662386,0.379395321655155,-0.0924044951005464,2.19897708719731
39,"bbis",0.0166666666666667,8760,12,143,100,52,112,230.215991020203,3.54659041652803,1.91137131875613,-0.111232683435929,3.26542150630233
39,"euler",0.0166666666666667,17520,24,287,100,1,NA,0.0328760147094727,0.695777692912707,0.136056143551167,-0.0879183809569985,1.87202933047476
39,"bbis",0.0166666666666667,17520,24,287,100,0,109,429.612340211868,3.12568587236038,1.42172679005291,-0.0987549197012362,3.18788563307296
40,"euler",0.0166666666666667,365,0.5,5,100,1,NA,0.0181820392608643,4.02273486144364,2.13638716125207,0.0242137229701582,4.06597155323316
40,"bbis",0.0166666666666667,365,0.5,5,100,0,51,5.60321712493896,4.40521921739858,2.72603978014143,0.0154189815348485,4.70964303973152
40,"euler",0.0166666666666667,730,1,11,100,1,NA,0.0271439552307129,2.72490685550553,1.4808757518244,-0.101864276103041,3.75828706328461
40,"bbis",0.0166666666666667,730,1,11,100,52,82,14.8895840644836,4.03700292607006,2.20770367721417,-0.0830593869815411,4.79056373918216
40,"euler",0.0166666666666667,1460,2,23,100,1,NA,0.0322310924530029,2.21459958609611,1.23321541478418,-0.0694916905744372,3.31288432898823
40,"bbis",0.0166666666666667,1460,2,23,100,0,43,15.3967380523682,4.28150627046945,2.42739221978963,-0.055281733945931,4.69992991300977
40,"euler",0.0166666666666667,4380,6,71,100,1,NA,0.0306191444396973,1.53165071391734,0.652963275568501,-0.0898625154814988,2.81030033296796
40,"bbis",0.0166666666666667,4380,6,71,100,0,70,67.5735819339752,3.70622965108098,2.08153082887373,-0.0923597747318915,4.32506822227374
40,"euler",0.0166666666666667,8760,12,143,100,1,NA,0.0554509162902832,1.10572775751098,0.391174303155466,-0.0681027424301612,2.46679511542057
40,"bbis",0.0166666666666667,8760,12,143,100,52,70,142.90667796135,3.528219795334,1.80748271062854,-0.102215603741901,4.00623589625908
40,"euler",0.0166666666666667,17520,24,287,100,1,NA,0.0257010459899902,0.597941126363349,0.139443637481312,-0.0793409233490609,2.1630136038803
40,"bbis",0.0166666666666667,17520,24,287,100,52,142,550.411520004272,2.93926601275856,1.41578867969922,-0.100410594911083,2.98411117700944
41,"euler",0.0166666666666667,365,0.5,5,100,1,NA,0.0194439888000488,3.19058653717121,2.10941572449699,-0.210684600336653,4.03035541809004
41,"bbis",0.0166666666666667,365,0.5,5,100,0,41,4.29850816726685,3.8053353022543,2.16786196020566,-0.24747950302394,4.55898709690027
41,"euler",0.0166666666666667,730,1,11,100,1,NA,0.0366048812866211,3.30563152388063,1.60078088243522,-0.0914976013990606,3.70954695220592
41,"bbis",0.0166666666666667,730,1,11,100,52,98,18.9483599662781,3.97619856603456,1.97535831262581,-0.0987159898081755,4.5850225525764
41,"euler",0.0166666666666667,1460,2,23,100,1,NA,0.0242490768432617,2.53230246225621,0.905173245735169,-0.130324635200754,3.39818025917085
41,"bbis",0.0166666666666667,1460,2,23,100,0,37,11.4555571079254,4.07161271702925,1.87219491059207,-0.131745050931723,4.62076687095542
41,"euler",0.0166666666666667,4380,6,71,100,1,NA,0.0355880260467529,1.39774248330469,0.594840158870613,-0.0834465735754291,3.25858729527946
41,"bbis",0.0166666666666667,4380,6,71,100,52,88,86.3814380168915,3.68741795529456,1.99226658565822,-0.0648930261686881,4.9474991682674
41,"euler",0.0166666666666667,8760,12,143,100,1,NA,0.0440709590911865,0.846444873223084,0.142258888772026,-0.102138487020101,2.81124372926727
41,"bbis",0.0166666666666667,8760,12,143,100,0,39,79.6262798309326,3.55341169588294,1.73962514190676,-0.0805037198356274,4.49893602895316
41,"euler",0.0166666666666667,17520,24,287,100,1,NA,0.0509929656982422,0.624001635563798,0.121666213451989,-0.0872869151324577,2.1055096740701
41,"bbis",0.0166666666666667,17520,24,287,100,52,207,801.439247846603,2.95518814643055,1.27788605351471,-0.0854710043403857,3.27480174991223
42,"euler",0.0166666666666667,365,0.5,5,100,1,NA,0.0198259353637695,3.35572895995087,1.25381415645873,-0.103242330604867,4.61346100040233
42,"bbis",0.0166666666666667,365,0.5,5,100,0,26,2.89913511276245,4.12858605054676,1.63507759444367,-0.101417468153008,5.072945972082
42,"euler",0.0166666666666667,730,1,11,100,1,NA,0.0300071239471436,3.05404961919929,1.36437103908861,-0.161851189904479,4.20272726851327
42,"bbis",0.0166666666666667,730,1,11,100,52,61,11.7926850318909,4.18885214981776,2.11644698227645,-0.178123834787888,5.30036820142642
42,"euler",0.0166666666666667,1460,2,23,100,1,NA,0.0370779037475586,2.22861858195642,0.973226774045436,-0.122063867028207,3.82492076302357
42,"bbis",0.0166666666666667,1460,2,23,100,52,98,35.1349499225616,3.82359398751786,2.03224739294555,-0.130646316491951,5.08485719711335
42,"euler",0.0166666666666667,4380,6,71,100,1,NA,0.032703161239624,1.52511976388076,0.375139523434079,-0.096033232324322,2.80176649184547
42,"bbis",0.0166666666666667,4380,6,71,100,52,58,56.6536059379578,3.85414834735242,2.14742738838756,-0.0833238725031554,4.51063748314418
42,"euler",0.0166666666666667,8760,12,143,100,1,NA,0.0466289520263672,1.1593963782728,0.0845247867368133,-0.0956113658210399,2.22702318147093
42,"bbis",0.0166666666666667,8760,12,143,100,52,79,161.550760030746,3.54068533035105,1.69113582916218,-0.0972107990673124,3.69661110734072
42,"euler",0.0166666666666667,17520,24,287,100,1,NA,0.0833518505096436,0.673300095621291,0.239684402623328,-0.0597838409997156,1.88487559502193
42,"bbis",0.0166666666666667,17520,24,287,100,0,173,669.7306599617,3.15036048902185,1.56585284627984,-0.0913058824886423,2.58483810622517
43,"euler",0.0166666666666667,365,0.5,5,100,1,NA,0.0200071334838867,3.30286916167936,1.17670349961264,-0.781533938535365,4.61510683487278
43,"bbis",0.0166666666666667,365,0.5,5,100,52,53,6.02545285224915,3.97645857334435,1.92326628473829,-0.606747075149787,5.37869327379678
43,"euler",0.0166666666666667,730,1,11,100,1,NA,0.0338358879089355,3.00439557523967,1.34112946725754,-0.022935406821732,3.8564633700828
43,"bbis",0.0166666666666667,730,1,11,100,0,51,8.89449882507324,4.21461204315925,2.28083464600321,0.0359356065113666,4.74498419432113
43,"euler",0.0166666666666667,1460,2,23,100,1,NA,0.0329928398132324,2.37783347438164,0.834764011590851,-0.0657470958478237,3.39208401092961
43,"bbis",0.0166666666666667,1460,2,23,100,0,60,17.1651961803436,3.95032928136655,1.82225634446974,-0.0259382008836849,4.47221549625761
43,"euler",0.0166666666666667,4380,6,71,100,1,NA,0.0326378345489502,1.2997513840009,0.616757217557455,-0.0848118035454533,3.06592732904038
43,"bbis",0.0166666666666667,4380,6,71,100,0,100,96.797306060791,3.89047438427444,1.86161862265589,-0.0553959231075859,4.92832407919327
43,"euler",0.0166666666666667,8760,12,143,100,1,NA,0.0480508804321289,1.0844443530442,0.32934264820895,-0.106641930246987,2.40069799045598
43,"bbis",0.0166666666666667,8760,12,143,100,52,50,104.495797872543,3.54616299659519,1.67578657534004,-0.107317352930995,3.88459086412833
43,"euler",0.0166666666666667,17520,24,287,100,1,NA,0.0745339393615723,0.628990946859448,0.227347595752165,-0.0800173620683668,2.14295123278298
43,"bbis",0.0166666666666667,17520,24,287,100,0,132,509.662431001663,3.26446468114536,1.47148779512825,-0.0846524395552287,2.76173733153461
44,"euler",0.0166666666666667,365,0.5,5,100,1,NA,0.0197849273681641,2.54639673090111,1.54345588944528,-0.114814272470407,4.38363596173381
44,"bbis",0.0166666666666667,365,0.5,5,100,0,92,9.95383191108704,4.00872005575247,2.04930062164601,-0.166146299058827,4.74132955910905
44,"euler",0.0166666666666667,730,1,11,100,1,NA,0.0367758274078369,2.73240711638386,1.64318676274125,-0.081614867352599,4.00264006260403
44,"bbis",0.0166666666666667,730,1,11,100,0,36,6.30896615982056,4.24785515628899,2.11477336468238,-0.0766180209915827,4.90730311210974
44,"euler",0.0166666666666667,1460,2,23,100,1,NA,0.0352189540863037,2.17866302584605,1.1353541646287,-0.109307290747574,3.7273863537362
44,"bbis",0.0166666666666667,1460,2,23,100,0,78,28.4565258026123,4.06661497423638,1.89288554430063,-0.1223803889145,4.77305393206502
44,"euler",0.0166666666666667,4380,6,71,100,1,NA,0.0352950096130371,1.32433820360428,0.600347505621834,-0.0796962257312934,2.8047505994998
44,"bbis",0.0166666666666667,4380,6,71,100,0,73,71.5400409698486,3.90875270075139,2.01757005637745,-0.0704846055054626,4.48779102484465
44,"euler",0.0166666666666667,8760,12,143,100,1,NA,0.0449731349945068,1.11388711261007,0.375236854124259,-0.0989283470405322,2.26391015823035
44,"bbis",0.0166666666666667,8760,12,143,100,52,86,177.693087100983,3.50768435325809,1.79875840104864,-0.0778510399498375,3.71950912247908
44,"euler",0.0166666666666667,17520,24,287,100,1,NA,0.0253169536590576,0.62520963355638,0.195443330563754,-0.0897149932697281,2.05031120378833
44,"bbis",0.0166666666666667,17520,24,287,100,0,126,494.896370887756,3.01825597963864,1.21354330243636,-0.0848920032693761,2.89772473692954
45,"euler",0.0166666666666667,365,0.5,5,100,1,NA,0.0203700065612793,2.84735625010305,1.16404965632516,-0.100383965087697,4.72438778725616
45,"bbis",0.0166666666666667,365,0.5,5,100,0,42,4.35835886001587,3.55073868841289,1.79876640116188,-0.102392244442123,5.12828356031342
45,"euler",0.0166666666666667,730,1,11,100,1,NA,0.0366299152374268,2.68409510815439,0.582634497729079,-0.0918145790053868,4.37741838436404
45,"bbis",0.0166666666666667,730,1,11,100,0,141,27.1865911483765,3.65089262318721,1.48061431563814,-0.119205008869758,5.33027670024964
45,"euler",0.0166666666666667,1460,2,23,100,1,NA,0.032066822052002,2.59131900860914,0.704042156683926,-0.0750185415597468,3.46122725693377
45,"bbis",0.0166666666666667,1460,2,23,100,0,27,9.80807709693909,3.88355977665938,1.58888461432816,-0.0973751643826244,4.98686561264384
45,"euler",0.0166666666666667,4380,6,71,100,1,NA,0.0386221408843994,1.42809619522586,0.492215890267565,-0.104255071109243,2.79359922468765
45,"bbis",0.0166666666666667,4380,6,71,100,52,102,100.444353103638,3.75587295935697,1.83671230827916,-0.111437867201957,4.87555819954116
45,"euler",0.0166666666666667,8760,12,143,100,1,NA,0.0520379543304443,0.745560531370853,0.276660697416479,-0.111173962232545,2.67913612400039
45,"bbis",0.0166666666666667,8760,12,143,100,52,120,245.586376905441,3.38285634771507,1.57504491714603,-0.0984738109630448,4.17488642996784
45,"euler",0.0166666666666667,17520,24,287,100,1,NA,0.0303139686584473,0.524256852795681,0.127705730794913,-0.109145543347343,2.37143535537733
45,"bbis",0.0166666666666667,17520,24,287,100,52,121,478.932503938675,2.87055096174156,1.30890961013126,-0.114778202913572,3.66833202182298
46,"euler",0.0166666666666667,365,0.5,5,100,1,NA,0.0181441307067871,3.27751343339145,1.72347409975736,0.0296503794324884,4.23749328257152
46,"bbis",0.0166666666666667,365,0.5,5,100,0,37,3.98323583602905,4.10321758661341,2.00829278786256,0.0222138592325635,4.94905084650098
46,"euler",0.0166666666666667,730,1,11,100,1,NA,0.0310969352722168,2.22302062222385,1.25793670825972,-0.0442856622214302,3.9543573679047
46,"bbis",0.0166666666666667,730,1,11,100,52,62,11.9926469326019,3.90652883887828,1.73667578825087,-0.0515319279711057,4.67137744275995
46,"euler",0.0166666666666667,1460,2,23,100,1,NA,0.0370059013366699,2.44136516903551,1.22960075833794,-0.0638545826207078,3.4208440419658
46,"bbis",0.0166666666666667,1460,2,23,100,0,32,10.8068850040436,4.01811628303588,2.05031889389907,-0.0561859452452292,4.59206545361645
46,"euler",0.0166666666666667,4380,6,71,100,1,NA,0.0359129905700684,1.504069171066,0.624349580204473,-0.0851565524867432,2.63649428570367
46,"bbis",0.0166666666666667,4380,6,71,100,52,53,52.7448740005493,3.90208780144865,1.94935772716711,-0.0807015906154334,4.14192054880452
46,"euler",0.0166666666666667,8760,12,143,100,1,NA,0.0438230037689209,0.980062054010721,0.252173845215704,-0.10094775344545,2.39468917006647
46,"bbis",0.0166666666666667,8760,12,143,100,0,116,237.439904928207,3.65479803739823,1.73037023498841,-0.103549614826919,3.58747931655775
46,"euler",0.0166666666666667,17520,24,287,100,1,NA,0.0627539157867432,0.718667103046173,0.284197886332005,-0.0881025034479775,1.95992127580085
46,"bbis",0.0166666666666667,17520,24,287,100,0,164,634.665240049362,3.13064343394299,1.43790914435906,-0.09229776822551,2.9804185505626
47,"euler",0.0166666666666667,365,0.5,5,100,1,NA,0.017937183380127,3.35432856495853,1.96713196053106,-0.0321374442205939,4.34532448628682
47,"bbis",0.0166666666666667,365,0.5,5,100,52,129,14.4986310005188,4.36099977232882,2.27455916627291,-0.0123330784696754,4.95203702253967
47,"euler",0.0166666666666667,730,1,11,100,1,NA,0.0379629135131836,3.41350621942149,1.98504955303186,-0.11622115800293,3.51828675298193
47,"bbis",0.0166666666666667,730,1,11,100,0,28,4.9956910610199,4.45556217546406,2.26562699994851,-0.120367509601697,4.38461103530553
47,"euler",0.0166666666666667,1460,2,23,100,1,NA,0.0328199863433838,2.3835183630975,1.24856988898173,-0.102510020370728,3.78931550809818
47,"bbis",0.0166666666666667,1460,2,23,100,0,88,32.0122351646423,4.32288947557255,2.12637783272548,-0.113347480716085,5.19243828637369
47,"euler",0.0166666666666667,4380,6,71,100,1,NA,0.0980768203735352,1.59795285054965,0.441807177985382,-0.129751092829473,2.7969009832313
47,"bbis",0.0166666666666667,4380,6,71,100,0,59,58.0691950321198,3.90111691886228,1.80848229823813,-0.117413186084315,4.78637280483111
47,"euler",0.0166666666666667,8760,12,143,100,1,NA,0.0400369167327881,1.07239335140661,0.338049575882923,-0.117088733716477,2.52669937579021
47,"bbis",0.0166666666666667,8760,12,143,100,0,112,224.882708072662,3.44437265729987,1.57262816186846,-0.128252488293303,3.90099540579663
47,"euler",0.0166666666666667,17520,24,287,100,1,NA,0.0953769683837891,0.588848297489356,-0.00464019897899194,-0.0937666788210784,2.13864780272062
47,"bbis",0.0166666666666667,17520,24,287,100,52,110,427.374912023544,3.21931852446553,1.26431858432853,-0.108545854523577,2.69378498706062
48,"euler",0.0166666666666667,365,0.5,5,100,1,NA,0.0178580284118652,3.36391992014194,1.44544156364911,-0.0228943320662759,4.57706265109087
48,"bbis",0.0166666666666667,365,0.5,5,100,0,42,4.82166504859924,4.31935560869862,2.2147541481437,-0.0194265279976702,4.92952252232715
48,"euler",0.0166666666666667,730,1,11,100,1,NA,0.0302770137786865,2.90772009372845,1.86771676478044,-0.0949946161921299,3.96899186642535
48,"bbis",0.0166666666666667,730,1,11,100,52,103,19.8499128818512,4.66401136733871,2.41961239124412,-0.109498864351469,4.80710530649507
48,"euler",0.0166666666666667,1460,2,23,100,1,NA,0.0386290550231934,2.05307414964551,1.47447583361717,-0.11729492291631,3.47318119356414
48,"bbis",0.0166666666666667,1460,2,23,100,0,34,10.6205401420593,4.53702413148996,2.47633438751861,-0.138963808196862,4.61599970018281
48,"euler",0.0166666666666667,4380,6,71,100,1,NA,0.0329549312591553,1.19520528320535,0.702643266954413,-0.124959021761572,3.04769259138818
48,"bbis",0.0166666666666667,4380,6,71,100,0,81,80.117415189743,3.95097878788082,2.11444982218439,-0.11342337396801,4.61990235197192
48,"euler",0.0166666666666667,8760,12,143,100,1,NA,0.0303590297698975,1.22190543243141,0.478016343653634,-0.105118664654954,2.39245844268001
48,"bbis",0.0166666666666667,8760,12,143,100,52,152,314.448008060455,3.82935971481764,2.11895652959099,-0.118275771553013,3.54258078848537
48,"euler",0.0166666666666667,17520,24,287,100,1,NA,0.0682480335235596,0.681060214330288,0.222244930399876,-0.10284843967213,2.05340092515569
48,"bbis",0.0166666666666667,17520,24,287,100,0,39,151.601775884628,3.24158973364083,1.63292588872777,-0.0865983666432197,2.94715549478583
49,"euler",0.0166666666666667,365,0.5,5,100,1,NA,0.0184268951416016,3.82723743646575,1.58208589173464,-0.0837448750517861,4.11316608812583
49,"bbis",0.0166666666666667,365,0.5,5,100,0,27,2.66816902160645,4.27522313304742,2.00218170859851,-0.0427556795610628,4.71038732144563
49,"euler",0.0166666666666667,730,1,11,100,1,NA,0.0350577831268311,3.0659975079033,1.25591350510911,-0.11616513186988,3.85807488751087
49,"bbis",0.0166666666666667,730,1,11,100,0,44,7.56354379653931,4.20711937176501,1.74223041547596,-0.163862126915013,4.73670299928931
49,"euler",0.0166666666666667,1460,2,23,100,1,NA,0.0347940921783447,2.44906441959784,1.1246330992616,-0.0700769620428005,3.69407320221257
49,"bbis",0.0166666666666667,1460,2,23,100,0,48,17.0853610038757,4.11835205534154,1.87955366534542,-0.107273539274599,4.8430607514824
49,"euler",0.0166666666666667,4380,6,71,100,1,NA,0.0407390594482422,1.51005413574264,0.551013321706764,-0.0548469084715614,2.93162601314421
49,"bbis",0.0166666666666667,4380,6,71,100,52,145,145.730355024338,3.87717710242901,1.7106265477776,-0.084083333155953,4.65705601834471
49,"euler",0.0166666666666667,8760,12,143,100,1,NA,0.0617799758911133,0.853827630984758,0.154243873649338,-0.0520016651263949,2.70854019678724
49,"bbis",0.0166666666666667,8760,12,143,100,0,99,206.269406795502,3.47851217252247,1.56685560386211,-0.0717219853583855,4.10715433675395
49,"euler",0.0166666666666667,17520,24,287,100,1,NA,0.0903971195220947,0.606084521354848,0.0703496067973648,-0.0658027479889968,2.35034135008533
49,"bbis",0.0166666666666667,17520,24,287,100,0,168,653.555396080017,2.97179062280762,1.020545184597,-0.0644317070995409,3.37479098511393
50,"euler",0.0166666666666667,365,0.5,5,100,1,NA,0.0199260711669922,3.22099620951672,1.6579961134957,-0.403692580959475,3.93451008408508
50,"bbis",0.0166666666666667,365,0.5,5,100,0,29,2.76491403579712,3.88970162301784,1.95631608431658,-0.298673340878477,4.42831131880936
50,"euler",0.0166666666666667,730,1,11,100,1,NA,0.0313930511474609,2.87499887624745,1.53199047145555,-0.1364712624808,3.70518763290816
50,"bbis",0.0166666666666667,730,1,11,100,52,53,10.1030538082123,4.03034830369611,1.95834133250329,-0.110339633255582,4.43915048413504
50,"euler",0.0166666666666667,1460,2,23,100,1,NA,0.0349280834197998,2.04688529397504,0.684917528992945,-0.125583583146464,3.59173722053326
50,"bbis",0.0166666666666667,1460,2,23,100,0,73,22.7028429508209,4.21915001268181,1.93924096243248,-0.104041125336024,4.72289063569509
50,"euler",0.0166666666666667,4380,6,71,100,1,NA,0.0236630439758301,1.2716098342504,0.315564033806555,-0.110430882442529,3.10068001034644
50,"bbis",0.0166666666666667,4380,6,71,100,0,53,52.8356370925903,3.77091589300025,1.94534288163026,-0.0966037954059433,4.69352842165269
50,"euler",0.0166666666666667,8760,12,143,100,1,NA,0.0384988784790039,1.15475404688402,0.251296094317492,-0.121541563221275,2.29101125859924
50,"bbis",0.0166666666666667,8760,12,143,100,0,148,307.431530952454,3.629959281869,1.79866015414345,-0.117798864307567,4.04205452365674
50,"euler",0.0166666666666667,17520,24,287,100,1,NA,0.0253441333770752,1.10935978585834,0.466766682138289,-0.059087262179326,1.73391157413931
50,"bbis",0.0166666666666667,17520,24,287,100,0,94,353.229892015457,3.0841678371701,1.52947301841703,-0.0779351822104361,3.85690760537073
51,"euler",0.0166666666666667,365,0.5,5,100,1,NA,0.0208580493927002,3.72259676963799,0.93830544896515,-0.168148670028944,4.40269465201285
51,"bbis",0.0166666666666667,365,0.5,5,100,52,126,13.3826949596405,4.72418388983296,1.62932253799243,-0.132411668063811,5.03329990182494
51,"euler",0.0166666666666667,730,1,11,100,1,NA,0.0391139984130859,3.14804517914072,0.890803072601521,-0.0462762340631076,4.11545149362176
51,"bbis",0.0166666666666667,730,1,11,100,0,48,9.3396430015564,4.47456890446458,1.8163748376624,0.000736555185665513,4.86428659333876
51,"euler",0.0166666666666667,1460,2,23,100,1,NA,0.0338940620422363,2.21732767458522,0.497351440371158,-0.13287395400117,3.60237285272844
51,"bbis",0.0166666666666667,1460,2,23,100,52,109,39.1863150596619,4.01813744443304,1.5507580339999,-0.0739788044393193,4.7664024891066
51,"euler",0.0166666666666667,4380,6,71,100,1,NA,0.0341172218322754,1.51614228442179,0.32241748610605,-0.121068335882681,2.86429805790982
51,"bbis",0.0166666666666667,4380,6,71,100,52,73,72.3270471096039,3.84193734164976,1.59031031260303,-0.0898679845049601,4.62423895250523
51,"euler",0.0166666666666667,8760,12,143,100,1,NA,0.0599908828735352,1.23488127004945,0.155886334206741,-0.0710148063145366,2.07803301609221
51,"bbis",0.0166666666666667,8760,12,143,100,52,75,155.662255048752,3.55912240489713,1.54673906250976,-0.100027012035863,2.99892507302451
51,"euler",0.0166666666666667,17520,24,287,100,1,NA,0.0329267978668213,0.682627267160985,0.127860945075845,-0.0859751566186923,1.93980665268735
51,"bbis",0.0166666666666667,17520,24,287,100,52,241,927.787583827972,3.11266008255841,1.3389925456126,-0.107077508290387,2.89880878809052
52,"euler",0.0166666666666667,365,0.5,5,100,1,NA,0.0200052261352539,3.90545079419811,1.50312499072591,-0.0831993576192813,4.11285628703576
52,"bbis",0.0166666666666667,365,0.5,5,100,0,51,4.8763599395752,4.5909805646661,2.02691456514798,-0.132733747072273,4.74111767780388
52,"euler",0.0166666666666667,730,1,11,100,1,NA,0.0414578914642334,3.12790587534323,0.941288629978587,-0.183453380895293,3.88248009664501
52,"bbis",0.0166666666666667,730,1,11,100,0,84,15.4926028251648,4.27392058204808,2.23479810700102,-0.229957125765704,4.92039821402757
52,"euler",0.0166666666666667,1460,2,23,100,1,NA,0.0362389087677002,2.35286047760921,0.776784193854591,-0.121575755879313,3.55108196857852
52,"bbis",0.0166666666666667,1460,2,23,100,52,62,22.1911401748657,3.92856001126192,1.92823219301201,-0.159289889683696,5.10366541075637
52,"euler",0.0166666666666667,4380,6,71,100,1,NA,0.0337631702423096,1.64694641548521,0.491583424126927,-0.0896335874514209,2.72310192687732
52,"bbis",0.0166666666666667,4380,6,71,100,52,125,120.436986923218,4.02749091935997,1.93771697020959,-0.0878938368053405,4.67532960119332
52,"euler",0.0166666666666667,8760,12,143,100,1,NA,0.0406620502471924,1.08271444042127,0.294284647944153,-0.0928697620088992,2.32745905908361
52,"bbis",0.0166666666666667,8760,12,143,100,52,99,208.319620847702,3.46447080948003,1.65563126717806,-0.0919338122576341,4.16663954842537
52,"euler",0.0166666666666667,17520,24,287,100,1,NA,0.0521450042724609,0.729404315979522,0.185250817207387,-0.0816602145135783,2.05295100436695
52,"bbis",0.0166666666666667,17520,24,287,100,52,51,204.752608060837,3.00537984638613,1.28723809047054,-0.0818920990010547,2.94541277727414
53,"euler",0.0166666666666667,365,0.5,5,100,1,NA,0.0204570293426514,3.21925298192826,1.29813681284143,-0.013030628161604,4.25942905730154
53,"bbis",0.0166666666666667,365,0.5,5,100,0,38,4.20388007164001,4.4497862662122,2.01065522930653,-0.00572122847684011,4.71469385759962
53,"euler",0.0166666666666667,730,1,11,100,1,NA,0.036139965057373,2.63004568718376,1.33151351818346,-0.110277378215616,4.01640772901373
53,"bbis",0.0166666666666667,730,1,11,100,0,77,14.9040861129761,4.19305304192758,2.07376337323229,-0.0939077227070159,4.72919437450825
53,"euler",0.0166666666666667,1460,2,23,100,1,NA,0.0319118499755859,2.15839878371666,1.04535768645913,-0.0772129235149257,3.62948937202336
53,"bbis",0.0166666666666667,1460,2,23,100,52,105,37.3718061447144,4.21171375020674,2.04677916923077,-0.0579176338284645,4.8457651680482
53,"euler",0.0166666666666667,4380,6,71,100,1,NA,0.0319921970367432,1.57815497253167,0.497583584096571,-0.072765099444237,2.69828609132525
53,"bbis",0.0166666666666667,4380,6,71,100,52,75,75.018229007721,4.11813069394405,1.95018006385463,-0.0870607099035579,4.77472285989865
53,"euler",0.0166666666666667,8760,12,143,100,1,NA,0.0652430057525635,1.20761153694923,0.292481938674247,-0.0889184104062475,2.32895776890054
53,"bbis",0.0166666666666667,8760,12,143,100,0,40,82.8693768978119,3.61781650483424,1.71814257453456,-0.0848223359834045,3.40241788464306
53,"euler",0.0166666666666667,17520,24,287,100,1,NA,0.0456991195678711,0.735523434474967,0.132990985715172,-0.0964235350941942,2.10115036271585
53,"bbis",0.0166666666666667,17520,24,287,100,0,61,246.434868097305,3.06606388141089,1.33547609760175,-0.102967212423833,2.69049451499951
54,"euler",0.0166666666666667,365,0.5,5,100,1,NA,0.0193309783935547,3.24292306506356,1.84213154688694,-0.171919754385143,4.44529764495373
54,"bbis",0.0166666666666667,365,0.5,5,100,0,26,2.92209506034851,4.31956493488921,2.38913806318318,-0.187451554929692,4.86686454555358
54,"euler",0.0166666666666667,730,1,11,100,1,NA,0.0339610576629639,2.86485833318726,1.4039313746515,-0.153222334010363,4.22369757433247
54,"bbis",0.0166666666666667,730,1,11,100,0,28,4.65077090263367,3.81582774969188,1.9276012876387,-0.156697618767203,5.11974558618792
54,"euler",0.0166666666666667,1460,2,23,100,1,NA,0.0306229591369629,2.17879319440309,0.940070752523446,-0.0622938859290867,3.97483200103398
54,"bbis",0.0166666666666667,1460,2,23,100,52,79,28.8634469509125,3.53449986635409,1.74524592001928,-0.0747606743794621,5.2556539006478
54,"euler",0.0166666666666667,4380,6,71,100,1,NA,0.0315830707550049,1.07765669922073,0.600380230098185,-0.0667717807604886,3.36441204432068
54,"bbis",0.0166666666666667,4380,6,71,100,0,155,151.467927932739,3.67681157982014,2.17008937813893,-0.0737162134540695,4.59145090576007
54,"euler",0.0166666666666667,8760,12,143,100,1,NA,0.0462570190429688,0.798661825553461,0.468170485708615,-0.0541256425763068,2.73838726449791
54,"bbis",0.0166666666666667,8760,12,143,100,52,122,253.199151992798,3.30546607307165,1.69282354049834,-0.0772447977306598,4.07844197844162
54,"euler",0.0166666666666667,17520,24,287,100,1,NA,0.0337398052215576,0.607026181191511,0.113860675519192,-0.0727925744118905,2.20331712033108
54,"bbis",0.0166666666666667,17520,24,287,100,0,42,168.32842707634,3.13342495483008,1.39828348769455,-0.0823837427927831,3.13366511924898
55,"euler",0.0166666666666667,365,0.5,5,100,1,NA,0.0180790424346924,3.27217819238151,1.41674671211998,-0.145551465206589,4.45309024922984
55,"bbis",0.0166666666666667,365,0.5,5,100,0,30,3.11232495307922,3.90735262633173,2.11147956014968,-0.1572237305596,4.97334096590448
55,"euler",0.0166666666666667,730,1,11,100,1,NA,0.0385978221893311,2.97467673285855,1.39623321362767,-0.0877108889945093,4.16205792220823
55,"bbis",0.0166666666666667,730,1,11,100,0,66,12.6126010417938,3.87792119574876,2.27341249839655,-0.0848789994780792,5.15310312324231
55,"euler",0.0166666666666667,1460,2,23,100,1,NA,0.0363848209381104,2.45169007749154,0.859823651188975,-0.082051540348516,3.73952098785022
55,"bbis",0.0166666666666667,1460,2,23,100,0,89,31.6621499061584,3.70351306898924,1.78540459888709,-0.0695593423621336,4.96121306026695
55,"euler",0.0166666666666667,4380,6,71,100,1,NA,0.0320730209350586,1.40769983854092,0.656215810704591,-0.0604736001336468,3.22907142366241
55,"bbis",0.0166666666666667,4380,6,71,100,0,124,122.250787973404,3.70646548467473,1.97727174067336,-0.101664512948531,4.8860292753996
55,"euler",0.0166666666666667,8760,12,143,100,1,NA,0.0298960208892822,1.01436602199285,0.458771165096813,-0.0643454432106813,2.49435525132331
55,"bbis",0.0166666666666667,8760,12,143,100,52,104,217.460443019867,3.44435920703942,1.73800870158458,-0.0945607126997371,3.78564707068818
55,"euler",0.0166666666666667,17520,24,287,100,1,NA,0.0897610187530518,0.610257613556175,0.16586334667968,-0.0706286298053494,2.15727485635169
55,"bbis",0.0166666666666667,17520,24,287,100,0,131,516.205746173859,3.03275998185748,1.42712845195536,-0.0960801160955845,3.13835226017931
56,"euler",0.0166666666666667,365,0.5,5,100,1,NA,0.0200300216674805,3.4474657314475,1.47479642562733,-0.0922132690895293,4.39883443803118
56,"bbis",0.0166666666666667,365,0.5,5,100,0,109,12.4385838508606,4.12691779006605,1.86046234669514,-0.0736701803331135,4.95849289937736
56,"euler",0.0166666666666667,730,1,11,100,1,NA,0.0281720161437988,2.89374672753588,0.723245110827538,-0.116185504313855,4.05846317534254
56,"bbis",0.0166666666666667,730,1,11,100,0,64,12.4635310173035,3.92579269066061,1.6884336914261,-0.12521650178849,4.86484329528333
56,"euler",0.0166666666666667,1460,2,23,100,1,NA,0.0293889045715332,2.01564633809933,0.595714819533573,-0.0971160705817964,3.50510385357131
56,"bbis",0.0166666666666667,1460,2,23,100,0,29,9.6594729423523,4.16055942461852,2.0635826632535,-0.106861366249037,4.76481846194335
56,"euler",0.0166666666666667,4380,6,71,100,1,NA,0.0350120067596436,1.68597558588667,0.43831389486656,-0.095524801655915,2.59130368661217
56,"bbis",0.0166666666666667,4380,6,71,100,0,175,171.501955032349,3.83510733848564,1.85073091658727,-0.103482920583574,4.41965638017575
56,"euler",0.0166666666666667,8760,12,143,100,1,NA,0.119652986526489,0.9408610220054,0.281981553079722,-0.111418328549504,2.30720116661402
56,"bbis",0.0166666666666667,8760,12,143,100,0,43,86.9927320480347,3.35759448338385,1.65569041706642,-0.113530199650936,4.0612836717543
56,"euler",0.0166666666666667,17520,24,287,100,1,NA,0.0249199867248535,0.531781520864324,0.0871326762317627,-0.079942026588063,2.01728138689607
56,"bbis",0.0166666666666667,17520,24,287,100,0,107,419.215975046158,3.1600352161664,1.49665804617667,-0.09369334335598,3.14457908160205
57,"euler",0.0166666666666667,365,0.5,5,100,1,NA,0.0188920497894287,3.4507727428397,2.04770562303521,-0.0671894636892368,4.08534414015731
57,"bbis",0.0166666666666667,365,0.5,5,100,0,52,5.37297606468201,4.24680941133719,2.4223586100867,-0.0567956341558235,4.63459390780784
57,"euler",0.0166666666666667,730,1,11,100,1,NA,0.03277587890625,3.49411369355762,1.91887380800845,-0.0908376922785759,3.634106088741
57,"bbis",0.0166666666666667,730,1,11,100,0,50,9.61739301681519,4.49721366839548,2.57324016741089,-0.0539095625708885,4.77013914203497
57,"euler",0.0166666666666667,1460,2,23,100,1,NA,0.0323150157928467,2.56423949568749,1.29870589734263,-0.104580294758342,3.34156017001787
57,"bbis",0.0166666666666667,1460,2,23,100,0,86,30.9505259990692,4.39377190810649,2.38456142304793,-0.0718916544371429,4.79267372955806
57,"euler",0.0166666666666667,4380,6,71,100,1,NA,0.0352821350097656,1.42865855840219,0.507247242838733,-0.11396135163702,2.72783841003849
57,"bbis",0.0166666666666667,4380,6,71,100,52,67,65.5309879779816,3.87217151610328,1.94286602442416,-0.115774047374704,4.87609805369152
57,"euler",0.0166666666666667,8760,12,143,100,1,NA,0.0541319847106934,0.688617030714251,0.224691988282689,-0.0937188400016009,2.45099097979534
57,"bbis",0.0166666666666667,8760,12,143,100,0,236,480.169425010681,3.40618723347884,1.67441653171198,-0.104653734376552,3.58809564440435
57,"euler",0.0166666666666667,17520,24,287,100,1,NA,0.0444691181182861,0.579770497632527,0.234547483123526,-0.101729422799169,2.15312076322071
57,"bbis",0.0166666666666667,17520,24,287,100,0,34,134.888401985168,3.13145241486065,1.47800773626401,-0.09817512313691,3.34068868212859
58,"euler",0.0166666666666667,365,0.5,5,100,1,NA,0.0180659294128418,3.18778051098564,1.20853078620598,-0.46988002033272,4.50158662410291
58,"bbis",0.0166666666666667,365,0.5,5,100,0,29,2.88609409332275,3.75284112168342,1.5180534019178,-0.438259445585228,4.97060620629621
58,"euler",0.0166666666666667,730,1,11,100,1,NA,0.0339281558990479,2.80922879312963,1.54406036852862,-0.247790390965491,3.96206163141155
58,"bbis",0.0166666666666667,730,1,11,100,0,109,21.6297709941864,3.99339609831908,1.88562311140449,-0.281303409528627,4.72515438140467
58,"euler",0.0166666666666667,1460,2,23,100,1,NA,0.0351669788360596,2.04795008056423,1.33761553967877,-0.127808932730722,3.65893405668488
58,"bbis",0.0166666666666667,1460,2,23,100,0,97,35.1417798995972,3.65161173288934,2.03957798954547,-0.131870536879087,4.73175929429752
58,"euler",0.0166666666666667,4380,6,71,100,1,NA,0.0319790840148926,1.26370343441316,0.622496612195411,-0.127325153517073,2.87873657579091
58,"bbis",0.0166666666666667,4380,6,71,100,0,78,76.2079458236694,3.86432266516109,1.81590569727548,-0.114514295215748,4.47915267860187
58,"euler",0.0166666666666667,8760,12,143,100,1,NA,0.0364439487457275,0.974349728558916,0.235446756847735,-0.100770689095326,2.41119462934365
58,"bbis",0.0166666666666667,8760,12,143,100,0,100,204.53800702095,3.40048592105058,1.77589515832077,-0.0739892582908872,3.67455801875468
58,"euler",0.0166666666666667,17520,24,287,100,1,NA,0.0230810642242432,0.561616504090792,0.27814224205326,-0.104817552337022,2.23468365147976
58,"bbis",0.0166666666666667,17520,24,287,100,0,116,460.946290016174,3.06226782403839,1.51423015846798,-0.0929658741630001,3.10663036014987
59,"euler",0.0166666666666667,365,0.5,5,100,1,NA,0.0183708667755127,3.35409480944261,1.83425406996044,-0.0537570008129729,4.41990809232859
59,"bbis",0.0166666666666667,365,0.5,5,100,0,56,5.82930397987366,4.44794573974072,2.5817145661887,-0.0286577787244459,4.88388995877744
59,"euler",0.0166666666666667,730,1,11,100,1,NA,0.0372879505157471,2.58353875386144,0.897635804012578,-0.0637875106820378,4.16502760901001
59,"bbis",0.0166666666666667,730,1,11,100,0,35,6.51983118057251,4.73475523009586,2.33949740054727,-0.05410648158812,4.8746870247567
59,"euler",0.0166666666666667,1460,2,23,100,1,NA,0.0365891456604004,2.26392160062859,0.956356030993383,-0.0918740686267309,3.79789222510851
59,"bbis",0.0166666666666667,1460,2,23,100,0,67,24.4369380474091,4.59769929919675,2.21565684772067,-0.0866069291699685,5.05706107456536
59,"euler",0.0166666666666667,4380,6,71,100,1,NA,0.0370609760284424,1.18107124609526,0.40032524713924,-0.105317818009067,3.21284909179121
59,"bbis",0.0166666666666667,4380,6,71,100,0,100,97.1130220890045,3.86058169659418,2.04681006723711,-0.104140555677015,4.74497656055081
59,"euler",0.0166666666666667,8760,12,143,100,1,NA,0.0491580963134766,0.825172580906004,0.143736367833494,-0.0670221230578193,2.72961777906353
59,"bbis",0.0166666666666667,8760,12,143,100,0,39,77.6397490501404,3.56313187332096,1.61550832399122,-0.0491726799493964,4.3656935378183
59,"euler",0.0166666666666667,17520,24,287,100,1,NA,0.0442547798156738,0.667328667119023,0.0613694259323703,-0.0679581574838156,2.11979400068109
59,"bbis",0.0166666666666667,17520,24,287,100,52,94,376.276103973389,3.19053421561591,1.52374612812065,-0.0815173792694029,2.96144439698911
60,"euler",0.0166666666666667,365,0.5,5,100,1,NA,0.023064136505127,2.91705175705269,1.41532216577062,-0.176699766746359,4.34075739652163
60,"bbis",0.0166666666666667,365,0.5,5,100,0,29,3.23339915275574,3.52424967944728,1.61372564387859,-0.189197837178637,4.79006687448459
60,"euler",0.0166666666666667,730,1,11,100,1,NA,0.0278398990631104,3.16760891492968,1.45091780021038,-0.16096692237402,3.69195752085154
60,"bbis",0.0166666666666667,730,1,11,100,0,32,5.45205593109131,4.03130484415562,1.91467525523212,-0.182298038973946,4.56262381538517
60,"euler",0.0166666666666667,1460,2,23,100,1,NA,0.0285508632659912,2.15397467862579,0.899797249329279,-0.0906278571871592,3.48077810243473
60,"bbis",0.0166666666666667,1460,2,23,100,52,84,30.3676640987396,3.91983339815345,2.05864492808297,-0.117226611809956,4.76943635227555
60,"euler",0.0166666666666667,4380,6,71,100,1,NA,0.0214970111846924,1.07906898557528,0.259335685922092,-0.0832546676803971,3.03304765167478
60,"bbis",0.0166666666666667,4380,6,71,100,0,85,79.3906128406525,3.84907778162426,1.88275728768472,-0.0782972517597216,4.63400878667014
60,"euler",0.0166666666666667,8760,12,143,100,1,NA,0.0493710041046143,0.864684090030629,0.312238093304621,-0.088773435275518,2.46678513535009
60,"bbis",0.0166666666666667,8760,12,143,100,52,89,181.162853956223,3.61836461859092,1.79103501168227,-0.0973534163044284,3.61636577458346
60,"euler",0.0166666666666667,17520,24,287,100,1,NA,0.0249240398406982,0.759995197025406,0.175295593830681,-0.0844476827921594,1.97375184519116
60,"bbis",0.0166666666666667,17520,24,287,100,52,70,245.51203918457,3.009894919755,1.4659996004671,-0.0871558536845878,3.43633121258494
61,"euler",0.0166666666666667,365,0.5,5,100,1,NA,0.0201971530914307,3.23461782900107,1.58367093072984,-0.0959344831486279,4.33701980718952
61,"bbis",0.0166666666666667,365,0.5,5,100,0,35,3.53211617469788,4.50524958255992,2.31204322630173,-0.131352301783393,4.73475900720772
61,"euler",0.0166666666666667,730,1,11,100,1,NA,0.0284910202026367,2.40334611344249,0.969247832945147,-0.0781780864629826,4.06351982776688
61,"bbis",0.0166666666666667,730,1,11,100,0,83,16.1608071327209,4.30104160562688,1.89835223092765,-0.0899228968800274,4.58724488459168
61,"euler",0.0166666666666667,1460,2,23,100,1,NA,0.0370287895202637,1.89804054153113,0.826381210420872,-0.107720424449198,3.71015384810069
61,"bbis",0.0166666666666667,1460,2,23,100,0,37,12.8433649539948,3.99564615548065,1.992468779367,-0.123882156023857,4.65461567282075
61,"euler",0.0166666666666667,4380,6,71,100,1,NA,0.0312581062316895,1.13555237825622,0.539690874986457,-0.0745245702388873,3.36576250742871
61,"bbis",0.0166666666666667,4380,6,71,100,0,98,95.603001832962,3.60456943641477,1.71840690586141,-0.0973625071423721,5.2919982024124
61,"euler",0.0166666666666667,8760,12,143,100,1,NA,0.0480139255523682,0.951198756419425,0.20659685131328,-0.0826257098151185,2.57028495148839
61,"bbis",0.0166666666666667,8760,12,143,100,0,27,55.8466851711273,3.32236280954891,1.44473399874348,-0.0840304852665845,4.09479792522407
61,"euler",0.0166666666666667,17520,24,287,100,1,NA,0.057034969329834,0.765782581471523,0.17807166607737,-0.0844634200286064,2.02553596967312
61,"bbis",0.0166666666666667,17520,24,287,100,52,164,637.540598154068,3.25098916619858,1.55688336223235,-0.0884998492589115,2.72735083204231
62,"euler",0.0166666666666667,365,0.5,5,100,1,NA,0.019960880279541,3.29331838449224,1.66279957191923,-0.0369797754603245,4.42829561745109
62,"bbis",0.0166666666666667,365,0.5,5,100,52,58,6.53047204017639,4.37955692771787,2.01117742117826,-0.0210412912728906,4.84339151251064
62,"euler",0.0166666666666667,730,1,11,100,1,NA,0.0286200046539307,2.4653574230618,0.610242387614181,-0.0486801695330514,4.20020027675357
62,"bbis",0.0166666666666667,730,1,11,100,0,34,6.14827108383179,4.22560615291409,1.83781972807487,-0.0666527056032985,4.79133901089835
62,"euler",0.0166666666666667,1460,2,23,100,1,NA,0.0361008644104004,1.80991153778233,0.431634667240302,-0.0825417158520397,4.05148952017223
62,"bbis",0.0166666666666667,1460,2,23,100,52,110,38.736575126648,3.74483649899057,1.41838007487769,-0.0935026172682628,4.95455084656696
62,"euler",0.0166666666666667,4380,6,71,100,1,NA,0.0322709083557129,1.16776519549357,0.135766530938051,-0.111271035613434,3.37001497051653
62,"bbis",0.0166666666666667,4380,6,71,100,52,291,278.901470899582,3.67334995539182,1.29622114261392,-0.108662221884771,4.53350704980972
62,"euler",0.0166666666666667,8760,12,143,100,1,NA,0.0670249462127686,1.04146898866292,0.230722089631658,-0.0865523996625726,2.50561078754529
62,"bbis",0.0166666666666667,8760,12,143,100,0,37,76.2398028373718,3.63004333229071,1.50032111221053,-0.0936063530883075,4.10035585628072
62,"euler",0.0166666666666667,17520,24,287,100,1,NA,0.0224869251251221,0.709874610712886,0.128600302622334,-0.0959966529257278,2.09412105259845
62,"bbis",0.0166666666666667,17520,24,287,100,0,72,290.046964168549,3.21229877292225,1.20673842423365,-0.078418755186709,3.3007412120682
63,"euler",0.0166666666666667,365,0.5,5,100,1,NA,0.0177121162414551,2.51012855378202,1.56584707972738,-0.0895000683019635,4.74267499209631
63,"bbis",0.0166666666666667,365,0.5,5,100,0,30,3.28008413314819,3.49976751196784,2.17669823391393,-0.0743037011784355,5.09650582672798
63,"euler",0.0166666666666667,730,1,11,100,1,NA,0.0363640785217285,2.42217815012309,1.32124834171784,-0.0755358441575703,4.43617863663443
63,"bbis",0.0166666666666667,730,1,11,100,0,46,9.0763111114502,3.65699856125536,2.21982240112515,-0.0647262366070099,5.35828100421832
63,"euler",0.0166666666666667,1460,2,23,100,1,NA,0.0321779251098633,2.44706623633659,0.859330987354529,-0.0664216463512568,3.59135869792936
63,"bbis",0.0166666666666667,1460,2,23,100,52,107,38.1544260978699,4.16999898664229,2.1953110486382,-0.0585656168832,4.9234937017417
63,"euler",0.0166666666666667,4380,6,71,100,1,NA,0.0439238548278809,1.35484634922647,0.354689942616409,-0.0950501126973393,3.06320199411952
63,"bbis",0.0166666666666667,4380,6,71,100,52,118,116.516340970993,3.88204220074214,1.79172263982199,-0.0869965918167918,4.48939505575512
63,"euler",0.0166666666666667,8760,12,143,100,1,NA,0.0540180206298828,0.89618563449859,0.271898066299252,-0.0866595787533846,2.71830098029597
63,"bbis",0.0166666666666667,8760,12,143,100,0,215,437.867360830307,3.53994891945815,1.52821147156181,-0.0706909774241689,3.62447861938294
63,"euler",0.0166666666666667,17520,24,287,100,1,NA,0.0285580158233643,0.682143745744842,0.191892105805008,-0.102341308602613,2.03820656793251
63,"bbis",0.0166666666666667,17520,24,287,100,52,87,343.789462089539,3.19035361671374,1.23048467438855,-0.0906462162368997,2.57031394856006
64,"euler",0.0166666666666667,365,0.5,5,100,1,NA,0.020514965057373,3.64356620210165,1.72512921585388,-0.556161665469203,4.03791154939441
64,"bbis",0.0166666666666667,365,0.5,5,100,0,27,2.93111801147461,4.46395630593228,2.16743622329232,-0.380118043425797,4.74566347809678
64,"euler",0.0166666666666667,730,1,11,100,1,NA,0.0311291217803955,2.95627548461737,1.5989999218258,-0.0389167478528217,3.99717166343547
64,"bbis",0.0166666666666667,730,1,11,100,52,81,15.6964821815491,4.44220745754899,2.33224499039705,-0.0420119407347393,5.01232433466417
64,"euler",0.0166666666666667,1460,2,23,100,1,NA,0.0316059589385986,2.21072673878493,1.06932160799926,-0.102648152869619,3.61462621858158
64,"bbis",0.0166666666666667,1460,2,23,100,0,41,15.0252249240875,4.39074053113582,2.28118773754455,-0.0864053448277492,4.77393241233804
64,"euler",0.0166666666666667,4380,6,71,100,1,NA,0.0296769142150879,1.30773407712987,0.265764220277242,-0.105431014390079,2.8856669698046
64,"bbis",0.0166666666666667,4380,6,71,100,0,93,85.9341368675232,4.09129119436013,1.98248136122855,-0.131207339031637,4.31058381720566
64,"euler",0.0166666666666667,8760,12,143,100,1,NA,0.0368819236755371,1.02316649714231,0.10681838588287,-0.0970671638768989,2.43692891317114
64,"bbis",0.0166666666666667,8760,12,143,100,0,55,112.356506824493,3.85305709374573,1.6853808390241,-0.105825364971067,4.0501970199638
64,"euler",0.0166666666666667,17520,24,287,100,1,NA,0.0454790592193604,0.715416011162397,0.178138542697729,-0.0889320579424337,2.1829933608828
64,"bbis",0.0166666666666667,17520,24,287,100,0,59,239.502994060516,3.20498880297662,1.50501958879122,-0.108554883017586,2.92833006075182
65,"euler",0.0166666666666667,365,0.5,5,100,1,NA,0.0197188854217529,3.14030784840515,1.9040373234626,-0.148880843677829,4.41744251146731
65,"bbis",0.0166666666666667,365,0.5,5,100,52,54,6.1195638179779,4.12570666437403,2.58226040231103,-0.140519439673368,4.89344955585307
65,"euler",0.0166666666666667,730,1,11,100,1,NA,0.0267229080200195,3.4729743673074,1.77607300600555,-0.109320061455371,3.65304602304017
65,"bbis",0.0166666666666667,730,1,11,100,0,32,5.24592590332031,4.30115825952254,2.33295829406041,-0.0951133635943883,4.79297833085457
65,"euler",0.0166666666666667,1460,2,23,100,1,NA,0.0364282131195068,2.64195708593511,1.45945712452418,-0.158570789746117,3.15645938785602
65,"bbis",0.0166666666666667,1460,2,23,100,0,51,17.9848389625549,4.20272762281549,2.16120584889801,-0.176410560431756,4.42615263075809
65,"euler",0.0166666666666667,4380,6,71,100,1,NA,0.0295219421386719,1.60887905940175,0.813488065261592,-0.143110157665641,2.58932421759446
65,"bbis",0.0166666666666667,4380,6,71,100,52,69,67.4771540164948,3.90712655347953,2.14696445755028,-0.138600522184033,4.53106408013704
65,"euler",0.0166666666666667,8760,12,143,100,1,NA,0.0623810291290283,1.2320386300676,0.41451622835132,-0.14466751751444,2.24748626384801
65,"bbis",0.0166666666666667,8760,12,143,100,0,100,205.653203010559,3.3719427697802,1.77724801356679,-0.127327242424825,3.57616415101525
65,"euler",0.0166666666666667,17520,24,287,100,1,NA,0.0464339256286621,0.717002069932793,0.263897214261978,-0.115440424052983,1.89522258424892
65,"bbis",0.0166666666666667,17520,24,287,100,0,91,364.788440942764,3.09052668936527,1.69258045750226,-0.120012335565615,3.02230349625121
66,"euler",0.0166666666666667,365,0.5,5,100,1,NA,0.0201330184936523,2.52744188172619,0.664880853278664,-0.0644014227048383,4.65978440752054
66,"bbis",0.0166666666666667,365,0.5,5,100,0,37,3.74837303161621,3.52706056278658,1.28628842929112,-0.074923892030361,4.95377707998912
66,"euler",0.0166666666666667,730,1,11,100,1,NA,0.032505989074707,2.79610479992158,1.02323756562562,-0.102098248924642,4.04514412220829
66,"bbis",0.0166666666666667,730,1,11,100,0,32,5.89423608779907,3.93708719016034,1.8355209350151,-0.109606982987774,4.75911515538881
66,"euler",0.0166666666666667,1460,2,23,100,1,NA,0.0275387763977051,2.28793362139714,-0.0306378390080962,-0.120655565290017,3.52119638860578
66,"bbis",0.0166666666666667,1460,2,23,100,0,31,10.3688659667969,4.06770952740239,1.71897996954492,-0.120472502931755,4.65030134774505
66,"euler",0.0166666666666667,4380,6,71,100,1,NA,0.038970947265625,1.07752093093424,0.374013073538894,-0.103526458581847,3.42857498793919
66,"bbis",0.0166666666666667,4380,6,71,100,0,44,43.4555130004883,3.53979749514353,1.72764430995563,-0.115516160179286,5.02113594307046
66,"euler",0.0166666666666667,8760,12,143,100,1,NA,0.0461158752441406,0.885746491342204,0.164548517733585,-0.0785454082007815,2.81846215400197
66,"bbis",0.0166666666666667,8760,12,143,100,0,72,151.162553071976,3.38341772736035,1.38332696853482,-0.0717251510320073,4.832016350043
66,"euler",0.0166666666666667,17520,24,287,100,1,NA,0.052664041519165,0.660857275571242,0.164880273588426,-0.057616894845253,2.15879405536617
66,"bbis",0.0166666666666667,17520,24,287,100,0,120,451.489497900009,3.10921468692529,1.21090507793287,-0.0738674108539212,3.37195899122416
67,"euler",0.0166666666666667,365,0.5,5,100,1,NA,0.0186269283294678,3.31860054980784,1.91911143192272,-0.0628425825191624,4.27200009974962
67,"bbis",0.0166666666666667,365,0.5,5,100,52,80,8.9840669631958,4.00615552264235,2.33965265210358,-0.0470170548078701,4.82823346128741
67,"euler",0.0166666666666667,730,1,11,100,1,NA,0.0345609188079834,2.5943103536921,1.62594286929244,-0.175046586931071,3.77667755533853
67,"bbis",0.0166666666666667,730,1,11,100,0,41,7.0158371925354,3.90982791239185,2.40642376053842,-0.183824717566932,4.65497651566857
67,"euler",0.0166666666666667,1460,2,23,100,1,NA,0.0316970348358154,2.23093841656772,0.870696565627012,-0.134823830656368,3.52330715683702
67,"bbis",0.0166666666666667,1460,2,23,100,0,33,10.8960897922516,3.77396703373765,2.07174835980886,-0.148711320148537,4.70574691479027
67,"euler",0.0166666666666667,4380,6,71,100,1,NA,0.0288500785827637,1.46872022460195,0.471443726127286,-0.115576397043504,3.09915506967866
67,"bbis",0.0166666666666667,4380,6,71,100,0,98,96.7428658008575,3.76206116240221,1.90885135884247,-0.13183542264269,4.85541276815525
67,"euler",0.0166666666666667,8760,12,143,100,1,NA,0.0502610206604004,1.13539471406545,0.259391293656918,-0.106000615092138,2.65712852308574
67,"bbis",0.0166666666666667,8760,12,143,100,52,74,151.638645887375,3.52291694348795,1.60193664190738,-0.0977051435643062,4.50787558406457
67,"euler",0.0166666666666667,17520,24,287,100,1,NA,0.0528810024261475,0.686342012420217,0.173288417955076,-0.107551219301629,2.11461615833445
67,"bbis",0.0166666666666667,17520,24,287,100,52,80,323.771075963974,3.01382210831434,1.37536693016371,-0.111090730757178,3.1437503290558
68,"euler",0.0166666666666667,365,0.5,5,100,1,NA,0.0181560516357422,3.54917662373313,1.20915363767555,-0.0678179459270939,4.14281722410671
68,"bbis",0.0166666666666667,365,0.5,5,100,52,69,7.88975596427917,4.35912748757957,1.52312955346502,-0.0409074762748027,4.75052515828089
68,"euler",0.0166666666666667,730,1,11,100,1,NA,0.0343351364135742,2.74043471131283,1.18382063643267,-0.0160117869287785,3.83122718415616
68,"bbis",0.0166666666666667,730,1,11,100,0,33,5.51972484588623,4.45952804908407,1.71906218016579,0.00126861773880289,4.7144762964736
68,"euler",0.0166666666666667,1460,2,23,100,1,NA,0.0347831249237061,2.02629592089294,1.02087787066122,-0.0957739706977861,3.47855128126119
68,"bbis",0.0166666666666667,1460,2,23,100,52,127,46.3331890106201,4.40895408443532,1.89935357027271,-0.0691396458781562,4.77919527172108
68,"euler",0.0166666666666667,4380,6,71,100,1,NA,0.0294270515441895,1.2109786528998,0.404272758935814,-0.105844848965179,3.0122764485215
68,"bbis",0.0166666666666667,4380,6,71,100,0,78,75.216080904007,4.129123215672,1.88652303699528,-0.0776744370648565,4.64232783997597
68,"euler",0.0166666666666667,8760,12,143,100,1,NA,0.063974142074585,0.704628082121902,0.238254271364325,-0.0730456101103822,2.65042554904166
68,"bbis",0.0166666666666667,8760,12,143,100,0,94,193.94034409523,3.50947604459035,1.59688063013613,-0.0827814831536083,3.53567489435724
68,"euler",0.0166666666666667,17520,24,287,100,1,NA,0.026418924331665,0.728315853119052,0.170839376311278,-0.0715015199072765,2.10284074557223
68,"bbis",0.0166666666666667,17520,24,287,100,0,78,313.337584972382,2.91994504229762,1.69418664237377,-0.0773192220837152,3.32606415907528
69,"euler",0.0166666666666667,365,0.5,5,100,1,NA,0.0177319049835205,3.50631871117044,1.62327770029937,-0.685383515748985,4.31448020740122
69,"bbis",0.0166666666666667,365,0.5,5,100,0,27,2.59302496910095,4.18587660521396,1.57232219146619,-0.648265556453323,4.94841468668038
69,"euler",0.0166666666666667,730,1,11,100,1,NA,0.0349411964416504,2.59366956305835,1.30108637921863,-0.204273507358445,4.17277476268637
69,"bbis",0.0166666666666667,730,1,11,100,0,61,11.6648609638214,3.67625839236657,1.78400005123386,-0.195184397005132,5.06060109253924
69,"euler",0.0166666666666667,1460,2,23,100,1,NA,0.0279841423034668,1.74764599450756,0.858861474505029,-0.0713013537717838,3.82293418024046
69,"bbis",0.0166666666666667,1460,2,23,100,0,73,26.5752799510956,3.62432039215122,1.96192650601983,-0.101105680001198,4.91298899020534
69,"euler",0.0166666666666667,4380,6,71,100,1,NA,0.0322089195251465,1.19926010764622,0.455144924807453,-0.074714886983309,2.89166124451506
69,"bbis",0.0166666666666667,4380,6,71,100,52,112,108.160114049911,3.9026006332323,1.98771226075847,-0.112997651306512,4.12156473444955
69,"euler",0.0166666666666667,8760,12,143,100,1,NA,0.0603070259094238,0.844949006350737,0.213522837154728,-0.0771925202134535,2.46303453703816
69,"bbis",0.0166666666666667,8760,12,143,100,0,80,167.617115020752,3.63364261781987,1.65863283515138,-0.112969418491158,4.00624062208224
69,"euler",0.0166666666666667,17520,24,287,100,1,NA,0.0927290916442871,0.503016588978695,0.0884637869265412,-0.0832282438796382,2.21243364603078
69,"bbis",0.0166666666666667,17520,24,287,100,0,49,195.301687955856,2.89967126223579,1.52532291616757,-0.0990202877514728,3.3276074068892
70,"euler",0.0166666666666667,365,0.5,5,100,1,NA,0.0184609889984131,2.72108629254668,1.95628424677193,-0.111445823747191,4.49255259382824
70,"bbis",0.0166666666666667,365,0.5,5,100,52,102,11.2298989295959,3.19370919494179,2.1771788880929,-0.108409630291415,4.87034047612474
70,"euler",0.0166666666666667,730,1,11,100,1,NA,0.0336041450500488,2.69860617770534,1.63730191435027,-0.0874685006119612,3.95674968324105
70,"bbis",0.0166666666666667,730,1,11,100,0,51,8.25912284851074,3.68357610868256,2.15738247216936,-0.0523673544652041,4.74988095017977
70,"euler",0.0166666666666667,1460,2,23,100,1,NA,0.0310869216918945,2.20884535042942,1.42953121421993,-0.0995036704147631,3.47028082030747
70,"bbis",0.0166666666666667,1460,2,23,100,52,61,20.8427259922028,3.79286576695145,2.2767666930152,-0.0628095461728231,4.84845669851925
70,"euler",0.0166666666666667,4380,6,71,100,1,NA,0.0350399017333984,1.5848289588952,0.47420261749537,-0.0920256586347798,2.67285162074565
70,"bbis",0.0166666666666667,4380,6,71,100,52,121,117.868323802948,3.85139105533599,1.87231853779652,-0.0893285376855582,3.84577668819641
70,"euler",0.0166666666666667,8760,12,143,100,1,NA,0.0417149066925049,0.892260615672225,0.165212570109755,-0.0884094433519286,2.38636450140146
70,"bbis",0.0166666666666667,8760,12,143,100,52,76,158.807673215866,3.52699702048125,1.64941957656842,-0.0721880177313429,4.18359712070801
70,"euler",0.0166666666666667,17520,24,287,100,1,NA,0.0893270969390869,0.656557827859818,0.108006656088514,-0.0985241816172904,1.95694430206873
70,"bbis",0.0166666666666667,17520,24,287,100,0,60,223.423434972763,3.04105758858089,1.36721137301807,-0.0926563749810901,3.20290720852065
71,"euler",0.0166666666666667,365,0.5,5,100,1,NA,0.0201370716094971,3.46012995340423,1.72449941858886,-0.286992420890899,4.26525989961111
71,"bbis",0.0166666666666667,365,0.5,5,100,0,31,3.43984794616699,4.15903083449844,2.26998829828241,-0.225261580045868,4.84608448441954
71,"euler",0.0166666666666667,730,1,11,100,1,NA,0.0315208435058594,3.09083179120601,1.51010366659201,-0.379099995178679,3.66654243330487
71,"bbis",0.0166666666666667,730,1,11,100,0,19,3.71033692359924,4.35792041061909,2.35961896149245,-0.204208365578329,4.76079425990592
71,"euler",0.0166666666666667,1460,2,23,100,1,NA,0.0330300331115723,2.20421828621907,1.04185705778148,-0.107051900861,3.43141585557696
71,"bbis",0.0166666666666667,1460,2,23,100,0,62,22.4512701034546,4.44185744947769,2.23794076530011,-0.066850490752366,5.14386532304103
71,"euler",0.0166666666666667,4380,6,71,100,1,NA,0.032412052154541,1.42766329386145,0.618744660721905,-0.108298005802258,2.89119936025256
71,"bbis",0.0166666666666667,4380,6,71,100,52,108,105.281809091568,3.94980587949133,2.08554384575004,-0.096318294075803,4.96026512492198
71,"euler",0.0166666666666667,8760,12,143,100,1,NA,0.0613729953765869,1.31982212452505,0.519114543246568,-0.077502432224858,2.15590225730783
71,"bbis",0.0166666666666667,8760,12,143,100,52,168,345.336580038071,3.75675833091167,1.84979270830895,-0.06204483007875,3.61311033503739
71,"euler",0.0166666666666667,17520,24,287,100,1,NA,0.024055004119873,0.825795269613508,0.307537283442987,-0.0990859970901979,1.997751756735
71,"bbis",0.0166666666666667,17520,24,287,100,0,122,482.148108005524,3.29340515618775,1.56547599557436,-0.0845971346604501,2.66950520343199
72,"euler",0.0166666666666667,365,0.5,5,100,1,NA,0.0202021598815918,3.58680999941638,1.7636614870503,0.0169174316764694,4.10476136639463
72,"bbis",0.0166666666666667,365,0.5,5,100,0,100,11.1719620227814,4.27397853333148,2.24659091550771,0.0484854496136293,4.59051264598258
72,"euler",0.0166666666666667,730,1,11,100,1,NA,0.0346641540527344,2.91247669963649,1.42524021420827,-0.0444174898543981,3.94001815990054
72,"bbis",0.0166666666666667,730,1,11,100,52,53,10.3635129928589,4.16189242303939,1.83166714119471,-0.0278450081623346,4.85529581005875
72,"euler",0.0166666666666667,1460,2,23,100,1,NA,0.0312409400939941,2.22707738699726,1.25381544990514,-0.0707059816307737,3.5406687333078
72,"bbis",0.0166666666666667,1460,2,23,100,0,92,32.507954120636,4.07735087791084,1.86997260720181,-0.0736619681445213,4.52215457893167
72,"euler",0.0166666666666667,4380,6,71,100,1,NA,0.0388729572296143,1.71167253512157,0.593137700484398,-0.0880440134727638,2.61560942574886
72,"bbis",0.0166666666666667,4380,6,71,100,0,89,80.3354189395905,4.156463078117,1.88030591722656,-0.111341740408921,4.16146306126214
72,"euler",0.0166666666666667,8760,12,143,100,1,NA,0.029688835144043,1.10177571052652,0.174092087023413,-0.0870830015955602,2.14096771030149
72,"bbis",0.0166666666666667,8760,12,143,100,52,56,116.406617164612,3.67756968667046,1.72930978959875,-0.0939750284561831,3.45916486162497
72,"euler",0.0166666666666667,17520,24,287,100,1,NA,0.0785889625549316,0.804723503098448,0.209147281647021,-0.0897633151843993,1.90739732996518
72,"bbis",0.0166666666666667,17520,24,287,100,0,85,339.565778017044,3.19490742143951,1.50145457927469,-0.0868852436990467,2.81419399569376
73,"euler",0.0166666666666667,365,0.5,5,100,1,NA,0.0192780494689941,2.57703482751973,1.14663003246991,-0.0554999399473452,4.62324688267401
73,"bbis",0.0166666666666667,365,0.5,5,100,0,101,11.1051790714264,2.9717532283504,1.28945825673941,-0.0481567181569106,4.90808231634581
73,"euler",0.0166666666666667,730,1,11,100,1,NA,0.018427848815918,2.40240790919646,1.21987716853695,-0.0959625394800953,4.42263755423941
73,"bbis",0.0166666666666667,730,1,11,100,52,120,23.1995329856873,3.45362226617085,1.70445371860476,-0.0848138588687391,5.14628738026468
73,"euler",0.0166666666666667,1460,2,23,100,1,NA,0.0319449901580811,2.0227607456266,1.11899526618091,-0.130864620002296,3.72287783653926
73,"bbis",0.0166666666666667,1460,2,23,100,0,43,13.7116918563843,3.65333098171398,1.76082602966371,-0.124539830696926,5.04889408601257
73,"euler",0.0166666666666667,4380,6,71,100,1,NA,0.0320529937744141,1.49580192557586,0.828234895661901,-0.1267945975172,2.97012323000922
73,"bbis",0.0166666666666667,4380,6,71,100,0,71,68.57896900177,3.66261868814003,1.84549625450999,-0.113238104079294,4.30375859577267
73,"euler",0.0166666666666667,8760,12,143,100,1,NA,0.0613529682159424,0.899089873536271,0.453042654999733,-0.118189777802244,2.59102858449451
73,"bbis",0.0166666666666667,8760,12,143,100,0,63,129.914594888687,3.42126341007588,1.82747797490137,-0.122247667333317,4.11729649081887
73,"euler",0.0166666666666667,17520,24,287,100,1,NA,0.0310418605804443,0.576725504503302,0.0394411841504676,-0.102499290398984,2.17606966783157
73,"bbis",0.0166666666666667,17520,24,287,100,0,28,110.748420953751,2.97688515761007,1.42594662113625,-0.10522542352881,2.98673650839188
74,"euler",0.0166666666666667,365,0.5,5,100,1,NA,0.0198769569396973,2.85824275670229,1.57186820134935,-0.151234501046407,4.63808930746711
74,"bbis",0.0166666666666667,365,0.5,5,100,0,62,6.98577189445496,4.1729502761418,2.23859224790463,-0.140689392027812,5.08351766664191
74,"euler",0.0166666666666667,730,1,11,100,1,NA,0.0257878303527832,2.64080452844107,1.54954329407801,-0.124821668559932,4.18270727637645
74,"bbis",0.0166666666666667,730,1,11,100,52,56,10.8099691867828,4.25865188271461,2.19727262791717,-0.114477117409201,5.02799684454655
74,"euler",0.0166666666666667,1460,2,23,100,1,NA,0.0332889556884766,2.25408463038022,1.17104788828484,-0.0910141392207137,3.56645649676103
74,"bbis",0.0166666666666667,1460,2,23,100,0,64,22.7800559997559,4.06454601746656,2.09265457238929,-0.0671606411401987,4.77650360182485
74,"euler",0.0166666666666667,4380,6,71,100,1,NA,0.0290060043334961,1.19507591249818,0.474231289931383,-0.119058922611415,2.90101845841717
74,"bbis",0.0166666666666667,4380,6,71,100,52,99,97.4293670654297,3.89554943398376,2.0374290119333,-0.0941992611316377,4.5097239457188
74,"euler",0.0166666666666667,8760,12,143,100,1,NA,0.0560410022735596,0.660277547090368,0.299301112702998,-0.137849936445495,2.66770374646399
74,"bbis",0.0166666666666667,8760,12,143,100,0,48,97.5420827865601,3.46280573602717,1.88749607304373,-0.119851838275167,3.85860149616678
74,"euler",0.0166666666666667,17520,24,287,100,1,NA,0.0252108573913574,0.492885343969207,0.193208397645692,-0.097545950062132,2.31254804733593
74,"bbis",0.0166666666666667,17520,24,287,100,0,66,251.472793102264,3.02268800948229,1.6549838444028,-0.084259191980703,2.96762022496086
75,"euler",0.0166666666666667,365,0.5,5,100,1,NA,0.019381046295166,3.37188364213894,1.63829037652303,-0.136605232011566,4.45931152236172
75,"bbis",0.0166666666666667,365,0.5,5,100,52,68,7.82603883743286,4.17898078749322,2.13878609729503,-0.14404056869293,4.99890038974033
75,"euler",0.0166666666666667,730,1,11,100,1,NA,0.0357580184936523,2.92170825473998,1.34889612376351,-0.0918600385917484,4.07799789582787
75,"bbis",0.0166666666666667,730,1,11,100,52,54,10.6356379985809,3.94697185870185,1.93439213168229,-0.071171497166281,4.93470274363489
75,"euler",0.0166666666666667,1460,2,23,100,1,NA,0.0314621925354004,2.27354079943864,0.965670894972597,-0.108999613672936,3.64331968165917
75,"bbis",0.0166666666666667,1460,2,23,100,52,180,64.5409519672394,4.2040441589435,2.14027449314947,-0.0943884648494477,4.95625755909377
75,"euler",0.0166666666666667,4380,6,71,100,1,NA,0.0376250743865967,1.57455727974824,0.296222085277804,-0.0593347436949669,2.67211884934564
75,"bbis",0.0166666666666667,4380,6,71,100,0,46,40.983393907547,4.06801205622481,1.80933670562086,-0.080944563838586,4.41854484622308
75,"euler",0.0166666666666667,8760,12,143,100,1,NA,0.067969799041748,1.03879192975689,0.316060458683192,-0.0624517089965376,2.23630107945692
75,"bbis",0.0166666666666667,8760,12,143,100,0,98,206.197606086731,3.5575655935843,1.66442026395381,-0.0832365935581412,3.42055704160751
75,"euler",0.0166666666666667,17520,24,287,100,1,NA,0.0637650489807129,0.78311409942799,0.123975356152236,-0.0785299339529851,2.02060532529464
75,"bbis",0.0166666666666667,17520,24,287,100,52,84,303.389845132828,3.06593885677967,1.32201325851752,-0.0899088186643376,3.2054625513219
76,"euler",0.0166666666666667,365,0.5,5,100,1,NA,0.0179128646850586,3.64463947734128,1.56655394100197,-0.0662230270994631,4.24957571618307
76,"bbis",0.0166666666666667,365,0.5,5,100,0,30,3.21073698997498,4.2390653998152,1.89937134252392,-0.0648190900294891,4.90346650379442
76,"euler",0.0166666666666667,730,1,11,100,1,NA,0.0371940135955811,3.25563802003506,1.32794909145917,-0.0872073541741525,4.03230252154996
76,"bbis",0.0166666666666667,730,1,11,100,0,46,8.40941095352173,4.39695368340298,2.03887078762746,-0.0866664217066308,5.2010259312051
76,"euler",0.0166666666666667,1460,2,23,100,1,NA,0.0378320217132568,2.26641956146113,0.700015149891978,-0.129129320113408,3.81102470757789
76,"bbis",0.0166666666666667,1460,2,23,100,52,84,30.4065260887146,4.26274423719252,1.95662308421272,-0.147056590890613,5.30292214403426
76,"euler",0.0166666666666667,4380,6,71,100,1,NA,0.0221958160400391,1.36870178670837,0.582452956306846,-0.0922385897437445,3.06576843176418
76,"bbis",0.0166666666666667,4380,6,71,100,52,115,114.118846178055,3.69986206916537,1.81114293993455,-0.0765655685379867,4.84126432960071
76,"euler",0.0166666666666667,8760,12,143,100,1,NA,0.0634348392486572,1.06829964081227,0.257341606065183,-0.0901882678277174,2.41773021036806
76,"bbis",0.0166666666666667,8760,12,143,100,52,156,321.051986932755,3.48936310506805,1.62303131137902,-0.0835299700471999,3.97708327415598
76,"euler",0.0166666666666667,17520,24,287,100,1,NA,0.0551059246063232,0.690958761082702,0.160943536391794,-0.0850176593048834,1.9681281148398
76,"bbis",0.0166666666666667,17520,24,287,100,52,63,252.402386903763,3.12280920271229,1.4339237547474,-0.0842788341549064,2.9427119135223
77,"euler",0.0166666666666667,365,0.5,5,100,1,NA,0.0191359519958496,3.17477346749362,1.50711738869779,-0.071475014238656,4.24846416426216
77,"bbis",0.0166666666666667,365,0.5,5,100,0,39,3.8374810218811,4.31853565683453,2.06425084982054,-0.0766927697894823,4.60794827810309
77,"euler",0.0166666666666667,730,1,11,100,1,NA,0.0330300331115723,3.23567696953299,1.3006450240415,-0.13499508432409,3.75866907435866
77,"bbis",0.0166666666666667,730,1,11,100,0,52,9.9224739074707,4.32058033359588,2.14580246432511,-0.114408780435409,4.65758763681515
77,"euler",0.0166666666666667,1460,2,23,100,1,NA,0.0314180850982666,2.30729145032483,0.88586368891633,-0.130341036912401,3.47193341605636
77,"bbis",0.0166666666666667,1460,2,23,100,0,42,15.2234230041504,4.03844687422319,1.82087278575967,-0.122472889056736,4.7256948431102
77,"euler",0.0166666666666667,4380,6,71,100,1,NA,0.0258560180664062,1.71939714097108,0.630200628947735,-0.135723731513028,2.63755704885633
77,"bbis",0.0166666666666667,4380,6,71,100,52,121,118.551190137863,3.79067964051611,1.83301957932605,-0.109857130786208,3.73128150795254
77,"euler",0.0166666666666667,8760,12,143,100,1,NA,0.037539005279541,1.09170779069428,0.412378588557244,-0.127610391994909,2.31882876590291
77,"bbis",0.0166666666666667,8760,12,143,100,52,146,305.049455881119,3.62120128536834,1.8092270074096,-0.118877223802542,4.1864079815255
77,"euler",0.0166666666666667,17520,24,287,100,1,NA,0.0497961044311523,0.741102596730297,0.235393466242594,-0.0968853926810475,2.21303262514625
77,"bbis",0.0166666666666667,17520,24,287,100,52,65,264.230226993561,2.85416514049171,1.37429626437623,-0.0937675926329319,3.37836876732412
78,"euler",0.0166666666666667,365,0.5,5,100,1,NA,0.0192539691925049,2.52255514491952,0.388839355648504,-0.0832996191329277,4.76871492678101
78,"bbis",0.0166666666666667,365,0.5,5,100,0,25,2.84424209594727,3.37486543817274,1.17650198883383,-0.102367376624857,5.1290439268593
78,"euler",0.0166666666666667,730,1,11,100,1,NA,0.0339751243591309,2.28336197871787,0.527696782793591,-0.134586665159662,4.29729975763554
78,"bbis",0.0166666666666667,730,1,11,100,0,52,9.99580216407776,3.75624287462639,1.38062821958271,-0.150124292146313,4.94381558163588
78,"euler",0.0166666666666667,1460,2,23,100,1,NA,0.0368309020996094,2.19672981713637,1.00624623885326,-0.167165602604671,3.64527915381682
78,"bbis",0.0166666666666667,1460,2,23,100,0,43,14.1391658782959,3.84517004868793,1.9624971789321,-0.179879062043156,4.90729949922931
78,"euler",0.0166666666666667,4380,6,71,100,1,NA,0.0385079383850098,1.68718041484979,0.297866200177082,-0.0919476574567908,2.59591006329934
78,"bbis",0.0166666666666667,4380,6,71,100,52,63,62.8602550029755,3.84400456797174,1.78487866773099,-0.107015458068012,4.30420251864164
78,"euler",0.0166666666666667,8760,12,143,100,1,NA,0.0509929656982422,1.03951027798885,0.258980257860591,-0.0958763164544461,2.3146871684111
78,"bbis",0.0166666666666667,8760,12,143,100,52,145,300.541949987411,3.64773743559449,1.65679539304955,-0.111532411297265,3.22887140002789
78,"euler",0.0166666666666667,17520,24,287,100,1,NA,0.0258910655975342,0.565967687645762,0.211095725255999,-0.0851825757859355,2.10308825383802
78,"bbis",0.0166666666666667,17520,24,287,100,0,57,229.276760101318,2.91321157519899,1.28792291500117,-0.0878065704618726,2.99822625092929
79,"euler",0.0166666666666667,365,0.5,5,100,1,NA,0.019881010055542,3.0577800774644,1.9156763208923,-0.090852603760678,4.43557170188304
79,"bbis",0.0166666666666667,365,0.5,5,100,0,60,6.68012619018555,3.95663162384306,2.48018553825297,-0.0916631787210216,4.95134053232749
79,"euler",0.0166666666666667,730,1,11,100,1,NA,0.0302660465240479,2.92108650722529,1.50908528208415,-0.126155377845492,4.27953811115667
79,"bbis",0.0166666666666667,730,1,11,100,52,96,17.1321511268616,4.13268585768056,2.42079392315834,-0.13581781631206,5.22246174748859
79,"euler",0.0166666666666667,1460,2,23,100,1,NA,0.0362539291381836,2.77525096480686,0.844502403812372,-0.128629951065467,3.66404052728156
79,"bbis",0.0166666666666667,1460,2,23,100,0,47,14.9121119976044,4.40688902137106,2.38108193045084,-0.13197971192237,5.41736866125554
79,"euler",0.0166666666666667,4380,6,71,100,1,NA,0.0359818935394287,1.58107620112671,0.336753571656392,-0.124402211171761,2.82864512221268
79,"bbis",0.0166666666666667,4380,6,71,100,0,71,64.3646259307861,4.02839114645066,1.98500257196204,-0.126234318366008,4.57952563434367
79,"euler",0.0166666666666667,8760,12,143,100,1,NA,0.0671401023864746,1.10903228437547,0.193536535540571,-0.124917815352448,2.37907839617256
79,"bbis",0.0166666666666667,8760,12,143,100,52,109,224.158186197281,3.53973108562073,1.36667065527931,-0.131167880412511,3.58078836494862
79,"euler",0.0166666666666667,17520,24,287,100,1,NA,0.0999829769134521,0.77279231521045,0.253162086799671,-0.102072598305324,1.94633091210896
79,"bbis",0.0166666666666667,17520,24,287,100,52,107,421.39478302002,3.17678292090124,1.57460724831087,-0.109252727243131,3.03547710946104
80,"euler",0.0166666666666667,365,0.5,5,100,1,NA,0.0229830741882324,3.34484023518985,1.5409845316298,-0.354933199004455,4.11556466572643
80,"bbis",0.0166666666666667,365,0.5,5,100,52,63,7.01983094215393,4.14327284920252,1.81425404365473,-0.341904116087152,4.67166963460867
80,"euler",0.0166666666666667,730,1,11,100,1,NA,0.0376510620117188,2.6429796727476,1.19864621919528,-0.253264769985074,3.94118516171581
80,"bbis",0.0166666666666667,730,1,11,100,52,81,15.6889371871948,3.99678980595342,2.13024764948215,-0.254958238330701,4.68480133583636
80,"euler",0.0166666666666667,1460,2,23,100,1,NA,0.0271110534667969,2.13348026088499,1.0497958691241,-0.175490665190579,3.54622802592861
80,"bbis",0.0166666666666667,1460,2,23,100,0,26,9.2198691368103,3.52449125724226,1.89565549796337,-0.17899606965486,4.61759371720202
80,"euler",0.0166666666666667,4380,6,71,100,1,NA,0.0317540168762207,1.57357315763414,0.520548157878067,-0.157558013027771,2.71980875273474
80,"bbis",0.0166666666666667,4380,6,71,100,52,62,61.8239648342133,3.78868818069448,2.05043439335442,-0.154847758400845,4.33669300986065
80,"euler",0.0166666666666667,8760,12,143,100,1,NA,0.0487151145935059,1.02558391766051,0.371920121907731,-0.106094425289073,2.51689106106419
80,"bbis",0.0166666666666667,8760,12,143,100,52,79,162.708271026611,3.63693151715624,1.89158756520316,-0.145252521578339,3.63422450772838
80,"euler",0.0166666666666667,17520,24,287,100,1,NA,0.0938680171966553,0.564494500448513,0.326106562974047,-0.0656207626504419,2.1062060869671
80,"bbis",0.0166666666666667,17520,24,287,100,0,48,193.118054866791,3.08914201221739,1.5158543833626,-0.0957092680532616,2.90988835710257
81,"euler",0.0166666666666667,365,0.5,5,100,1,NA,0.0198919773101807,2.55270338014727,1.62101732761305,-0.220054122812054,4.65583760498101
81,"bbis",0.0166666666666667,365,0.5,5,100,0,32,3.25218486785889,3.81623805356257,1.95051863159375,-0.238900035883903,5.0404916838257
81,"euler",0.0166666666666667,730,1,11,100,1,NA,0.0308220386505127,2.19842346835003,1.42415939753249,-0.176950122638896,4.487715432154
81,"bbis",0.0166666666666667,730,1,11,100,0,90,17.149866104126,3.92896180196481,2.06360772463036,-0.178866931691368,5.16640012639495
81,"euler",0.0166666666666667,1460,2,23,100,1,NA,0.0336780548095703,1.88495876232637,0.963943989284411,-0.13102522434124,4.16257400548952
81,"bbis",0.0166666666666667,1460,2,23,100,0,28,10.0658769607544,3.90851935469614,1.86305109329249,-0.102866898950688,5.27454712010908
81,"euler",0.0166666666666667,4380,6,71,100,1,NA,0.0337929725646973,1.29888073366712,0.503372944340705,-0.126492534350352,3.34918626007146
81,"bbis",0.0166666666666667,4380,6,71,100,0,40,39.6596088409424,3.74158309529924,1.92611199986168,-0.125018860567746,4.85849243558166
81,"euler",0.0166666666666667,8760,12,143,100,1,NA,0.0633440017700195,0.890874835056186,0.496125741735809,-0.0809463066871224,2.68054350800121
81,"bbis",0.0166666666666667,8760,12,143,100,0,68,141.723279953003,3.32952175724268,1.95072234166597,-0.104370670841609,4.1003862396132
81,"euler",0.0166666666666667,17520,24,287,100,1,NA,0.0345089435577393,0.553513817650389,0.217894795929442,-0.0947223070160959,2.39571028534112
81,"bbis",0.0166666666666667,17520,24,287,100,0,67,264.135295152664,2.85039680932296,1.59530858692506,-0.10762958109278,3.70280483099698
82,"euler",0.0166666666666667,365,0.5,5,100,1,NA,0.0192010402679443,2.91688729531449,1.19163741996078,-0.137216269599887,4.56415246668588
82,"bbis",0.0166666666666667,365,0.5,5,100,0,40,4.39292597770691,4.05420224180074,2.08019277311677,-0.176991062828379,4.95922653918588
82,"euler",0.0166666666666667,730,1,11,100,1,NA,0.0192089080810547,2.66606936157276,0.94521979451439,-0.158586529473213,4.16414049974709
82,"bbis",0.0166666666666667,730,1,11,100,0,92,18.0206799507141,3.97645519358219,1.75663170610329,-0.155773303047412,4.96216203938122
82,"euler",0.0166666666666667,1460,2,23,100,1,NA,0.0271420478820801,2.2181541476093,0.972919885577198,-0.0910167581305105,3.68829517695236
82,"bbis",0.0166666666666667,1460,2,23,100,0,32,10.1320791244507,4.35914538150723,2.07847833702213,-0.0748745721885245,5.02249855582217
82,"euler",0.0166666666666667,4380,6,71,100,1,NA,0.0303230285644531,1.38825467707429,0.510889143699007,-0.104235206305386,2.98685796456054
82,"bbis",0.0166666666666667,4380,6,71,100,52,110,107.625149011612,3.97509486166435,2.12013968888595,-0.0911153871788773,4.98439304458868
82,"euler",0.0166666666666667,8760,12,143,100,1,NA,0.0598759651184082,0.79070418217083,0.113226205874538,-0.0824728414603303,2.4773859182324
82,"bbis",0.0166666666666667,8760,12,143,100,52,175,360.605746984482,3.46541674870315,1.75981392128482,-0.0951498834907807,3.39876378212414
82,"euler",0.0166666666666667,17520,24,287,100,1,NA,0.0449368953704834,0.716426288251806,0.230549989211044,-0.0976202212020432,1.99830977734916
82,"bbis",0.0166666666666667,17520,24,287,100,0,195,761.069658994675,3.12735239788721,1.45978901189304,-0.108782294999625,2.72406543526811
83,"euler",0.0166666666666667,365,0.5,5,100,1,NA,0.018186092376709,3.2881060650005,0.795601629002925,0.00594929561598151,4.54408709468396
83,"bbis",0.0166666666666667,365,0.5,5,100,0,30,3.39425587654114,4.57215669512691,1.60519298668203,0.0120678614340056,4.99228240191855
83,"euler",0.0166666666666667,730,1,11,100,1,NA,0.0308229923248291,2.7822527553688,0.99934432914372,0.0130622501133944,4.26276784651526
83,"bbis",0.0166666666666667,730,1,11,100,0,34,5.89304709434509,4.30047762386045,1.90133710229538,0.0438344813072832,5.00856337608985
83,"euler",0.0166666666666667,1460,2,23,100,1,NA,0.0373430252075195,2.55759477726848,0.902299982718994,-0.0016901301984076,3.57804069008143
83,"bbis",0.0166666666666667,1460,2,23,100,52,103,36.7010848522186,4.47159154500918,2.30544124877282,0.0437933081781989,5.01236759556184
83,"euler",0.0166666666666667,4380,6,71,100,1,NA,0.0382568836212158,1.22172102221471,0.38061417535233,-0.0915719164193258,3.21348183357546
83,"bbis",0.0166666666666667,4380,6,71,100,0,80,78.9109890460968,3.79088148922216,2.01796863399372,-0.0975477354924062,4.58018251800891
83,"euler",0.0166666666666667,8760,12,143,100,1,NA,0.0394899845123291,0.722113653612369,0.237679351342531,-0.0984890285833864,2.74778229278348
83,"bbis",0.0166666666666667,8760,12,143,100,52,68,140.145333051682,3.42101019632767,1.52520692360658,-0.10331185067081,4.1164221998143
83,"euler",0.0166666666666667,17520,24,287,100,1,NA,0.0464169979095459,0.671239664399977,0.173331783039763,-0.0822120600706962,1.97620935883806
83,"bbis",0.0166666666666667,17520,24,287,100,0,49,197.307162046432,3.16638946381767,1.25730499268385,-0.104279214183307,3.02800199133117
84,"euler",0.0166666666666667,365,0.5,5,100,1,NA,0.0188407897949219,2.90641715153473,0.980484998533399,-0.166971262276332,4.50052715127852
84,"bbis",0.0166666666666667,365,0.5,5,100,0,35,3.41062998771667,3.62481243746891,1.51146953875557,-0.149947263072636,4.8593174734062
84,"euler",0.0166666666666667,730,1,11,100,1,NA,0.030674934387207,2.74390329203723,1.35516244990645,-0.221970981959783,3.98080229249997
84,"bbis",0.0166666666666667,730,1,11,100,0,26,4.9657461643219,3.81858076349226,1.95554334152814,-0.18887934539145,4.90202024179352
84,"euler",0.0166666666666667,1460,2,23,100,1,NA,0.0359740257263184,2.17197784673424,0.962818047571516,-0.120886947389459,3.67702203823703
84,"bbis",0.0166666666666667,1460,2,23,100,52,55,18.5842599868774,3.82915791898171,1.86383270583185,-0.095400685976591,4.86874335158292
84,"euler",0.0166666666666667,4380,6,71,100,1,NA,0.0284919738769531,1.1748161708099,0.499839720353989,-0.114374526518826,3.17841465967621
84,"bbis",0.0166666666666667,4380,6,71,100,0,85,81.9691519737244,3.60327116871706,1.79534238557122,-0.0888932844749495,4.40521810416541
84,"euler",0.0166666666666667,8760,12,143,100,1,NA,0.0268509387969971,0.824919392708873,0.264947353336944,-0.10329169583825,2.53937427973508
84,"bbis",0.0166666666666667,8760,12,143,100,52,96,197.919130086899,3.31409207181261,1.50794559017679,-0.0834517488782017,3.97601851395896
84,"euler",0.0166666666666667,17520,24,287,100,1,NA,0.0676529407501221,0.595621502933303,0.173368291118925,-0.104027915449264,1.99500131012448
84,"bbis",0.0166666666666667,17520,24,287,100,0,123,486.357172966003,3.15433652593599,1.45921709188394,-0.0932811570135558,2.8690509902981
85,"euler",0.0166666666666667,365,0.5,5,100,1,NA,0.018524169921875,3.10145271482062,1.75364849358952,-0.0340932259894709,4.50908418682439
85,"bbis",0.0166666666666667,365,0.5,5,100,0,38,4.09771394729614,4.27634592420325,2.25860838083114,-0.0150662522489729,4.94145492183017
85,"euler",0.0166666666666667,730,1,11,100,1,NA,0.0327548980712891,2.50286930635588,1.10773358276246,-0.07504456819142,4.35483306892186
85,"bbis",0.0166666666666667,730,1,11,100,0,29,4.67735195159912,3.98589633220435,1.99715492476709,-0.0543597894164509,5.20467229084124
85,"euler",0.0166666666666667,1460,2,23,100,1,NA,0.0378389358520508,2.09356272219746,0.950072376861777,-0.133312204791821,3.77545131478457
85,"bbis",0.0166666666666667,1460,2,23,100,0,138,50.0720980167389,4.00440956299414,2.08130878067221,-0.142147076703047,5.04895972485497
85,"euler",0.0166666666666667,4380,6,71,100,1,NA,0.0367779731750488,1.38377961505419,0.548103341989417,-0.119803257860358,3.10134968841353
85,"bbis",0.0166666666666667,4380,6,71,100,52,51,50.6208291053772,3.56705867616342,1.97163166138119,-0.140158795007438,5.33235681986374
85,"euler",0.0166666666666667,8760,12,143,100,1,NA,0.0510179996490479,1.06551875617997,0.719266742518939,-0.0612159831343771,2.46155145827035
85,"bbis",0.0166666666666667,8760,12,143,100,0,54,108.501353979111,3.28674017300607,1.96893876724744,-0.0907292463885009,3.9590111381532
85,"euler",0.0166666666666667,17520,24,287,100,1,NA,0.0752260684967041,0.747519154146032,0.434030480214046,-0.0504139751550785,1.97015467926814
85,"bbis",0.0166666666666667,17520,24,287,100,0,59,232.37500500679,3.04761070610685,1.61764805419793,-0.0809773767978161,2.87013583608816
86,"euler",0.0166666666666667,365,0.5,5,100,1,NA,0.0221049785614014,2.86190629604291,1.49100045574746,-0.0836923318476602,4.35786778346581
86,"bbis",0.0166666666666667,365,0.5,5,100,0,34,3.30407810211182,3.71743653867214,1.70076184309816,-0.0853561605314801,4.75485016835321
86,"euler",0.0166666666666667,730,1,11,100,1,NA,0.033843994140625,2.57568581046975,0.98004598552526,-0.104254046427071,4.15015412734277
86,"bbis",0.0166666666666667,730,1,11,100,52,93,17.6983239650726,4.06713220675855,1.81350411502362,-0.101799146310223,4.91892980279493
86,"euler",0.0166666666666667,1460,2,23,100,1,NA,0.0377168655395508,1.96980727400376,0.525384105084809,-0.107918424800081,3.61910846094567
86,"bbis",0.0166666666666667,1460,2,23,100,0,54,19.3188989162445,4.02595121076707,1.89358583873995,-0.0925678372793464,4.62794618571169
86,"euler",0.0166666666666667,4380,6,71,100,1,NA,0.0233170986175537,1.56988767630273,0.798409116335313,-0.110886385315725,2.70454723281406
86,"bbis",0.0166666666666667,4380,6,71,100,52,149,144.95937204361,3.79127428158892,1.88014570889605,-0.140786466964639,4.12054801840518
86,"euler",0.0166666666666667,8760,12,143,100,1,NA,0.0313138961791992,1.2570163330412,0.229816153182433,-0.0908017408764999,2.08725171299268
86,"bbis",0.0166666666666667,8760,12,143,100,52,82,169.076064825058,3.58256165155246,1.66922703218498,-0.106341980443509,3.39121465197118
86,"euler",0.0166666666666667,17520,24,287,100,1,NA,0.10703706741333,0.718399086471822,0.12692274044036,-0.0778058617895033,2.09229708526735
86,"bbis",0.0166666666666667,17520,24,287,100,52,193,719.730540037155,2.89490974415638,1.20407899655322,-0.0761863681508735,4.04981846575685
87,"euler",0.0166666666666667,365,0.5,5,100,1,NA,0.0195338726043701,3.19700949682368,1.49943516523899,-0.0189484052795418,4.36355455988418
87,"bbis",0.0166666666666667,365,0.5,5,100,0,33,3.58013701438904,3.80112958498343,1.76813623137681,-0.00400229402623393,4.97572757411251
87,"euler",0.0166666666666667,730,1,11,100,1,NA,0.0372509956359863,2.8809510460262,1.53705770628953,-0.0478407027204738,3.95833484411565
87,"bbis",0.0166666666666667,730,1,11,100,52,131,24.9810440540314,4.0961867648824,2.07964566081457,-0.0254939039843834,4.85351722176032
87,"euler",0.0166666666666667,1460,2,23,100,1,NA,0.0331919193267822,2.78483653423653,1.26162162201681,-0.0899723618368106,3.34029576960867
87,"bbis",0.0166666666666667,1460,2,23,100,52,101,36.7341690063477,4.1601700200223,1.88601931156201,-0.0682042792240789,4.58504753690256
87,"euler",0.0166666666666667,4380,6,71,100,1,NA,0.0374839305877686,1.35266465329905,0.48134100751428,-0.0946802695509044,2.73827472678687
87,"bbis",0.0166666666666667,4380,6,71,100,52,92,89.9954400062561,3.83169498740312,1.93448108542835,-0.0889038617993278,4.376103324204
87,"euler",0.0166666666666667,8760,12,143,100,1,NA,0.0342340469360352,1.01661866536912,0.244521374028745,-0.107226212773973,2.26217019633782
87,"bbis",0.0166666666666667,8760,12,143,100,0,74,155.728356122971,3.50450742390664,1.79339715245152,-0.123378794934148,3.66042589772569
87,"euler",0.0166666666666667,17520,24,287,100,1,NA,0.0275759696960449,0.5987040001329,0.125034821803541,-0.107560309221791,1.9773360644999
87,"bbis",0.0166666666666667,17520,24,287,100,0,76,311.534498929977,3.22247145402095,1.54223322651983,-0.125225188961795,2.73370944983483
88,"euler",0.0166666666666667,365,0.5,5,100,1,NA,0.0178148746490479,2.84842575617269,1.9114001998832,-0.198778440478755,4.37886294723839
88,"bbis",0.0166666666666667,365,0.5,5,100,0,26,2.882817029953,3.99796068414485,2.26015480040434,-0.211091668675144,4.99035334520927
88,"euler",0.0166666666666667,730,1,11,100,1,NA,0.0357251167297363,2.44556346470069,1.46730166578076,-0.124355644626048,3.91339087954414
88,"bbis",0.0166666666666667,730,1,11,100,52,78,14.5693869590759,3.86927414365121,1.84883583696994,-0.108486063934464,4.77056777015308
88,"euler",0.0166666666666667,1460,2,23,100,1,NA,0.0372350215911865,2.49544329845405,0.962314110475251,-0.124555517437526,3.45036098020386
88,"bbis",0.0166666666666667,1460,2,23,100,52,87,26.6345779895782,3.92731087041413,1.92137537089106,-0.144132321981731,4.9367641743079
88,"euler",0.0166666666666667,4380,6,71,100,1,NA,0.0345401763916016,1.60922540484378,0.527568950167744,-0.121309064806109,2.5855829060477
88,"bbis",0.0166666666666667,4380,6,71,100,0,45,45.391664981842,3.66421924438913,1.74699378598255,-0.133742961692042,4.3300589521985
88,"euler",0.0166666666666667,8760,12,143,100,1,NA,0.0330908298492432,1.01818547369803,0.227212029435079,-0.0893358804267691,2.35933849522234
88,"bbis",0.0166666666666667,8760,12,143,100,52,100,207.439522027969,3.44026526857065,1.49221449121653,-0.0921083448105826,3.57359199295945
88,"euler",0.0166666666666667,17520,24,287,100,1,NA,0.0521838665008545,0.611061861966977,0.153220138101181,-0.100410602909581,1.98714729545595
88,"bbis",0.0166666666666667,17520,24,287,100,52,59,238.470107078552,3.18579983057152,1.29441024391931,-0.10991848112637,2.83606974630501
89,"euler",0.0166666666666667,365,0.5,5,100,1,NA,0.0199661254882812,3.19171537828794,1.86241294561624,-0.0878100101277706,4.77611092574389
89,"bbis",0.0166666666666667,365,0.5,5,100,0,104,11.57359790802,3.84629068592391,2.25836145614032,-0.0924194675825244,5.27995498487005
89,"euler",0.0166666666666667,730,1,11,100,1,NA,0.0342650413513184,2.64123567263542,1.71921497149213,-0.108227582107581,3.97806348144425
89,"bbis",0.0166666666666667,730,1,11,100,0,93,17.9302768707275,3.98659999610909,2.30241853953971,-0.112759768182111,4.89417290900048
89,"euler",0.0166666666666667,1460,2,23,100,1,NA,0.0366818904876709,2.48222472765371,1.24148564149969,-0.106169890986059,3.35129871722105
89,"bbis",0.0166666666666667,1460,2,23,100,52,56,20.169753074646,4.1890690844089,2.19808279198195,-0.108638242697947,4.75410940588902
89,"euler",0.0166666666666667,4380,6,71,100,1,NA,0.0323610305786133,1.48648619920007,0.61345854895247,-0.0969932047671775,2.86222754079292
89,"bbis",0.0166666666666667,4380,6,71,100,0,62,52.661208152771,3.88227549301132,1.82901270675688,-0.0764049641955012,4.87806582109596
89,"euler",0.0166666666666667,8760,12,143,100,1,NA,0.0337190628051758,0.989953525238046,0.341707233038867,-0.0975627843648387,2.70963328365812
89,"bbis",0.0166666666666667,8760,12,143,100,0,45,94.1416790485382,3.44725622556114,1.4423076272271,-0.0794875176092052,4.20160137802681
89,"euler",0.0166666666666667,17520,24,287,100,1,NA,0.0232629776000977,0.601410279393518,0.235425868946446,-0.108623575882353,2.2083867659921
89,"bbis",0.0166666666666667,17520,24,287,100,0,54,219.022757053375,2.88446436834019,1.36866876660021,-0.0977120777355838,3.06949942088926
90,"euler",0.0166666666666667,365,0.5,5,100,1,NA,0.0243020057678223,3.19919534070687,1.63956938669969,-0.0216093385841368,4.0147710620036
90,"bbis",0.0166666666666667,365,0.5,5,100,0,25,2.83287501335144,4.34498442669573,2.11727966427693,0.0102918082495575,4.40286251406538
90,"euler",0.0166666666666667,730,1,11,100,1,NA,0.0267457962036133,2.92041203111263,1.6244015580525,-0.0878342293391746,3.83282024777327
90,"bbis",0.0166666666666667,730,1,11,100,0,45,8.73868012428284,4.49601897336624,2.52826589098208,-0.073385193587203,4.59189725208664
90,"euler",0.0166666666666667,1460,2,23,100,1,NA,0.0283739566802979,2.10127313400385,1.25994810378282,-0.11915520769925,3.52529390666717
90,"bbis",0.0166666666666667,1460,2,23,100,52,107,38.2057418823242,4.16317980819589,2.37585595622452,-0.12442650205225,4.66983950805136
90,"euler",0.0166666666666667,4380,6,71,100,1,NA,0.0311479568481445,1.18032848314944,0.574853067330101,-0.134455006183064,3.07770751975799
90,"bbis",0.0166666666666667,4380,6,71,100,52,50,49.5712320804596,3.75475133189108,2.08540936461406,-0.102360509197749,4.4649398873309
90,"euler",0.0166666666666667,8760,12,143,100,1,NA,0.0470290184020996,0.901460606635397,0.399667554575295,-0.118921472028172,2.60903933220824
90,"bbis",0.0166666666666667,8760,12,143,100,52,170,350.925818920135,3.56955577947925,1.88619659104835,-0.0852788037715655,3.9879804564635
90,"euler",0.0166666666666667,17520,24,287,100,1,NA,0.0563020706176758,0.433742880424943,0.163579464803383,-0.113540462167719,2.33331884409639
90,"bbis",0.0166666666666667,17520,24,287,100,0,56,219.184740066528,2.92287884362268,1.35208321780544,-0.0929243661639825,2.92850868307737
91,"euler",0.0166666666666667,365,0.5,5,100,1,NA,0.0191929340362549,3.223009530406,1.33261371713083,-0.5158450693284,4.36939982848514
91,"bbis",0.0166666666666667,365,0.5,5,100,0,30,3.13751292228699,3.84919308876424,1.93757860532403,-0.33636811299734,5.02441097376472
91,"euler",0.0166666666666667,730,1,11,100,1,NA,0.0212810039520264,2.85440936267794,1.31388948683909,-0.584660894852179,3.91456129188741
91,"bbis",0.0166666666666667,730,1,11,100,0,48,9.35636210441589,4.14556540523726,1.95702916093701,-0.449226013488307,5.06440506779604
91,"euler",0.0166666666666667,1460,2,23,100,1,NA,0.0349190235137939,2.27646039721386,1.03572204624042,-0.173210911532752,3.49409835541933
91,"bbis",0.0166666666666667,1460,2,23,100,0,35,12.4859669208527,4.25767035248595,2.02511734587972,-0.139283401690729,4.80225014295447
91,"euler",0.0166666666666667,4380,6,71,100,1,NA,0.0335450172424316,1.43234496219118,0.507989598462144,-0.0857300673307637,2.65749947308818
91,"bbis",0.0166666666666667,4380,6,71,100,0,112,106.098760128021,4.04861395848708,2.04081400911401,-0.056729854299191,4.67950979956463
91,"euler",0.0166666666666667,8760,12,143,100,1,NA,0.0236599445343018,0.925456460396378,0.29511764352103,-0.115558229916698,2.41155949737843
91,"bbis",0.0166666666666667,8760,12,143,100,52,112,233.690256118774,3.47867839999179,1.88972594570364,-0.107316926003806,3.62786052513967
91,"euler",0.0166666666666667,17520,24,287,100,1,NA,0.0927550792694092,0.551084092446451,0.281138619020743,-0.0724844880324185,2.01799524421846
91,"bbis",0.0166666666666667,17520,24,287,100,0,52,206.699026107788,3.28080242033616,1.70710429352908,-0.0901751433829431,2.79460353882476
92,"euler",0.0166666666666667,365,0.5,5,100,1,NA,0.0199539661407471,3.38835400061634,2.09231643365053,-0.079224145979443,4.51588116967295
92,"bbis",0.0166666666666667,365,0.5,5,100,52,55,5.75984191894531,4.23194445150127,2.62042259570461,-0.0689811127724841,5.09223956025246
92,"euler",0.0166666666666667,730,1,11,100,1,NA,0.0364229679107666,3.06553569755661,2.04108637015076,-0.0497225718600572,4.07681525560761
92,"bbis",0.0166666666666667,730,1,11,100,0,48,8.86383605003357,4.56947841176061,2.88627646745893,-0.0279041347214746,5.3235008910723
92,"euler",0.0166666666666667,1460,2,23,100,1,NA,0.0316851139068604,2.46956673603635,1.46030167315317,-0.12694075635119,3.52367232104789
92,"bbis",0.0166666666666667,1460,2,23,100,52,54,19.3787779808044,3.90233915101361,2.41331988298903,-0.120780042869061,5.01331952878878
92,"euler",0.0166666666666667,4380,6,71,100,1,NA,0.0326559543609619,1.69308045625242,0.639777388421876,-0.0791933752077571,2.61371856023927
92,"bbis",0.0166666666666667,4380,6,71,100,52,79,77.7094271183014,3.95996591911231,2.20440393135213,-0.0993314034457287,4.77945768416382
92,"euler",0.0166666666666667,8760,12,143,100,1,NA,0.0351011753082275,1.28705216838054,0.356873799363532,-0.0760859337428207,1.99377807164319
92,"bbis",0.0166666666666667,8760,12,143,100,0,39,80.919105052948,3.6892317555665,1.72031188824182,-0.103641929443952,3.2092734901162
92,"euler",0.0166666666666667,17520,24,287,100,1,NA,0.0465750694274902,0.623535200373426,0.0510910530618748,-0.076444273978869,2.07655743755898
92,"bbis",0.0166666666666667,17520,24,287,100,0,66,259.651823997498,3.00189344561872,1.24592056208474,-0.100665787179517,3.44973765425349
93,"euler",0.0166666666666667,365,0.5,5,100,1,NA,0.0213329792022705,3.35758669656185,1.59882523105033,-0.588318840038236,4.00477192648358
93,"bbis",0.0166666666666667,365,0.5,5,100,52,63,7.02634406089783,4.16144761970826,2.22405408835063,-0.382051227553864,4.49906643700044
93,"euler",0.0166666666666667,730,1,11,100,1,NA,0.0323901176452637,2.62313079040742,1.85853852483256,-0.153625991340621,3.71436404765083
93,"bbis",0.0166666666666667,730,1,11,100,52,71,13.5443530082703,4.01631335270172,2.22654282430258,-0.0418704687937489,4.64872033051626
93,"euler",0.0166666666666667,1460,2,23,100,1,NA,0.0313491821289062,2.23326234393053,0.970284496484307,-0.108950498514188,3.59586359541336
93,"bbis",0.0166666666666667,1460,2,23,100,0,72,25.6096749305725,3.82688967454491,1.9364258909532,-0.099025893970087,4.74570583690478
93,"euler",0.0166666666666667,4380,6,71,100,1,NA,0.0337369441986084,1.64219722485067,1.02591921310054,-0.0965039920329795,2.70830801745625
93,"bbis",0.0166666666666667,4380,6,71,100,0,36,28.8240060806274,4.06229005327069,2.20429540033625,-0.0774089381309843,4.18189002666026
93,"euler",0.0166666666666667,8760,12,143,100,1,NA,0.0534689426422119,1.06224552842575,0.249032769590206,-0.0983165051935563,2.16886962124315
93,"bbis",0.0166666666666667,8760,12,143,100,52,96,198.036974906921,3.56278386973612,1.90198309785339,-0.0864120719478722,3.38905461162165
93,"euler",0.0166666666666667,17520,24,287,100,1,NA,0.0290310382843018,0.72284516496518,0.122639597123436,-0.102806384789433,1.89886747461858
93,"bbis",0.0166666666666667,17520,24,287,100,0,58,232.519325971603,3.34912580606112,1.63030206009653,-0.113091051627995,2.67457358223197
94,"euler",0.0166666666666667,365,0.5,5,100,1,NA,0.020266056060791,3.51433402817768,1.31856666383705,-0.124724694481567,4.49199896404654
94,"bbis",0.0166666666666667,365,0.5,5,100,0,53,5.18102407455444,4.68616763906726,1.55466449245417,-0.111842593562745,5.06085411564216
94,"euler",0.0166666666666667,730,1,11,100,1,NA,0.0370690822601318,3.05885420570088,1.5910652300115,-0.0877653550738913,3.89766809682272
94,"bbis",0.0166666666666667,730,1,11,100,0,37,6.37840700149536,4.17191524564622,1.85213775682628,-0.0849811566539966,4.90893687044974
94,"euler",0.0166666666666667,1460,2,23,100,1,NA,0.0361511707305908,2.42163405291033,1.24914378657856,-0.0931840358288187,3.47027056867313
94,"bbis",0.0166666666666667,1460,2,23,100,52,58,21.3498780727386,4.00308610808037,1.97621455643427,-0.0750038248918743,4.70872332500826
94,"euler",0.0166666666666667,4380,6,71,100,1,NA,0.0300111770629883,1.32190702682511,0.630392253392316,-0.0887191873878062,2.90559681810279
94,"bbis",0.0166666666666667,4380,6,71,100,52,76,74.5486350059509,3.64366407217492,1.80631301465341,-0.0855189185066966,4.3288085999224
94,"euler",0.0166666666666667,8760,12,143,100,1,NA,0.0597720146179199,0.807124636525972,0.372799634829667,-0.0689332638018947,2.65349865959349
94,"bbis",0.0166666666666667,8760,12,143,100,52,71,148.915120124817,3.33680466133173,1.59294206293696,-0.0763400087043508,4.06521120125165
94,"euler",0.0166666666666667,17520,24,287,100,1,NA,0.0801410675048828,0.668699361245706,0.148877730284243,-0.05102115778118,1.95809670171737
94,"bbis",0.0166666666666667,17520,24,287,100,0,50,198.111443996429,3.06705548469965,1.58803531000153,-0.0755012333463004,2.60668445753776
95,"euler",0.0166666666666667,365,0.5,5,100,1,NA,0.0196030139923096,3.25808491607167,1.50126654596855,-0.385201553946412,4.42899846804439
95,"bbis",0.0166666666666667,365,0.5,5,100,0,64,6.56164193153381,3.90457697417249,1.94483511750304,-0.367307323506134,4.96644237735153
95,"euler",0.0166666666666667,730,1,11,100,1,NA,0.0279800891876221,2.60952315807687,1.07069375710833,-0.152458941512419,4.2437242503668
95,"bbis",0.0166666666666667,730,1,11,100,52,157,30.528293132782,4.23929079385816,1.9631415612713,-0.140020078298598,5.01081525561763
95,"euler",0.0166666666666667,1460,2,23,100,1,NA,0.0295021533966064,1.95860069022864,0.71199580390723,-0.0734908322886234,3.96787738842297
95,"bbis",0.0166666666666667,1460,2,23,100,0,52,17.1607539653778,4.09590858451877,1.99626737417469,-0.0687040913789106,5.21308962636022
95,"euler",0.0166666666666667,4380,6,71,100,1,NA,0.0215699672698975,1.24995230134932,0.307003365574577,-0.107695613945691,3.32838969072442
95,"bbis",0.0166666666666667,4380,6,71,100,52,112,108.837216854095,3.43038767876675,1.5140637945973,-0.117636381239369,4.75568561967343
95,"euler",0.0166666666666667,8760,12,143,100,1,NA,0.0656478404998779,0.77684907406104,0.265363993596955,-0.109990005055097,2.71520371161069
95,"bbis",0.0166666666666667,8760,12,143,100,0,79,162.402088165283,3.44276979753797,1.56791674828077,-0.117609325326266,4.37248368038185
95,"euler",0.0166666666666667,17520,24,287,100,1,NA,0.0599279403686523,0.637658170115252,0.290176844793334,-0.106745707836056,2.19630300921176
95,"bbis",0.0166666666666667,17520,24,287,100,0,78,312.090692996979,3.04748928487908,1.34794363973496,-0.102620022689969,2.83894533973145
96,"euler",0.0166666666666667,365,0.5,5,100,1,NA,0.0190529823303223,3.81137382794215,1.34694689732306,-0.469484660376625,4.33187842838851
96,"bbis",0.0166666666666667,365,0.5,5,100,0,67,7.03356313705444,4.64169257374344,1.897011600205,-0.197124896063076,5.1525845198667
96,"euler",0.0166666666666667,730,1,11,100,1,NA,0.037992000579834,2.66535142032808,1.46777571798239,-0.0814507848932348,3.98163434308496
96,"bbis",0.0166666666666667,730,1,11,100,0,70,13.4878540039062,4.05462356935804,2.1828912307791,-0.0579116985050281,5.07855105066313
96,"euler",0.0166666666666667,1460,2,23,100,1,NA,0.0360729694366455,2.30040696825112,0.809570608899431,-0.146701283912036,3.42357388625978
96,"bbis",0.0166666666666667,1460,2,23,100,0,34,11.0083930492401,4.18391478033139,1.86064050430768,-0.137528392959612,4.93996462227689
96,"euler",0.0166666666666667,4380,6,71,100,1,NA,0.0309710502624512,1.49898448900949,0.462199683455841,-0.112575981078665,2.97640594517387
96,"bbis",0.0166666666666667,4380,6,71,100,52,100,97.695631980896,3.6743963900759,1.75313607192504,-0.0969526751804123,4.60241707758644
96,"euler",0.0166666666666667,8760,12,143,100,1,NA,0.0467479228973389,0.957173788789953,0.398886291076355,-0.112884534076048,2.51238184234588
96,"bbis",0.0166666666666667,8760,12,143,100,52,117,240.441094875336,3.42499402573292,1.76300667594402,-0.0907742466189378,3.70724477051884
96,"euler",0.0166666666666667,17520,24,287,100,1,NA,0.0237820148468018,0.619146692226072,0.120044881525828,-0.108249597862143,2.22874702251955
96,"bbis",0.0166666666666667,17520,24,287,100,0,53,210.592205047607,2.89718166485125,1.47978367661168,-0.0906706800368717,3.53468119972432
97,"euler",0.0166666666666667,365,0.5,5,100,1,NA,0.0196499824523926,3.16298871004262,0.858649450999212,-0.157115277622153,4.17865434336398
97,"bbis",0.0166666666666667,365,0.5,5,100,0,34,3.55352711677551,4.16055930402523,1.3750115245922,-0.155864203180393,4.70491489264141
97,"euler",0.0166666666666667,730,1,11,100,1,NA,0.0311739444732666,3.3190294994032,1.38823876437456,-0.137708203986428,3.7572423085809
97,"bbis",0.0166666666666667,730,1,11,100,52,73,12.910392999649,4.22620276627456,1.75752708875914,-0.117197887421489,4.88782650828994
97,"euler",0.0166666666666667,1460,2,23,100,1,NA,0.0292279720306396,2.61017468868761,1.2564900777714,-0.16550547167088,3.2284129728203
97,"bbis",0.0166666666666667,1460,2,23,100,52,98,35.670355796814,4.45309220927622,1.90427493235633,-0.12106082409287,5.02322156649806
97,"euler",0.0166666666666667,4380,6,71,100,1,NA,0.0383620262145996,1.35846262213341,0.694996442534981,-0.167468510137448,2.92198899454832
97,"bbis",0.0166666666666667,4380,6,71,100,52,75,75.0492470264435,3.96087337876736,1.90149514967416,-0.148260429515985,4.79722481686935
97,"euler",0.0166666666666667,8760,12,143,100,1,NA,0.0634348392486572,0.964424226351811,0.27414915748536,-0.131404732567366,2.58683735903984
97,"bbis",0.0166666666666667,8760,12,143,100,0,119,247.784833908081,3.4070788555476,1.6257371650905,-0.109228575986146,3.89200617699925
97,"euler",0.0166666666666667,17520,24,287,100,1,NA,0.0925750732421875,0.443780155375103,0.176264836336064,-0.109700381760026,2.30460298611976
97,"bbis",0.0166666666666667,17520,24,287,100,0,75,276.648478984833,2.94174738604365,1.39291527239974,-0.100256328016351,3.50877751213751
98,"euler",0.0166666666666667,365,0.5,5,100,1,NA,0.0213849544525146,3.12152959155279,1.46652905271335,-0.114778359813399,4.14658720438424
98,"bbis",0.0166666666666667,365,0.5,5,100,52,62,6.91353583335876,3.77878233348525,1.85639141593065,-0.109990073915449,4.48646339291433
98,"euler",0.0166666666666667,730,1,11,100,1,NA,0.0368890762329102,2.86836370726864,1.36883142464159,-0.119977116118251,3.6964983303873
98,"bbis",0.0166666666666667,730,1,11,100,52,92,17.8122930526733,3.97617037092861,2.41131202423369,-0.0773551596382699,4.29997596122918
98,"euler",0.0166666666666667,1460,2,23,100,1,NA,0.043475866317749,2.09405607550094,1.10613527534975,-0.0798054378453368,3.61789458109586
98,"bbis",0.0166666666666667,1460,2,23,100,0,69,24.5780580043793,4.22433318524116,2.39235462985817,-0.0684435386534265,4.61099290104251
98,"euler",0.0166666666666667,4380,6,71,100,1,NA,0.0393459796905518,1.45022017465437,0.641306953541374,-0.119771725644729,3.12040856992997
98,"bbis",0.0166666666666667,4380,6,71,100,0,117,113.384072065353,3.85938570690261,1.78209946811239,-0.100217068362196,5.21252597648112
98,"euler",0.0166666666666667,8760,12,143,100,1,NA,0.0515639781951904,0.92652412702632,0.551460252322089,-0.0604601717728969,2.55233179495935
98,"bbis",0.0166666666666667,8760,12,143,100,52,90,185.656542062759,3.45223079782713,1.87286307050319,-0.071485053990086,4.00123910871063
98,"euler",0.0166666666666667,17520,24,287,100,1,NA,0.0227670669555664,0.740702520511751,0.390612398369171,-0.0698506350310206,1.89819389017824
98,"bbis",0.0166666666666667,17520,24,287,100,52,134,526.61660695076,3.11531875640086,1.49590011406207,-0.0937081218431451,2.97335632726133
99,"euler",0.0166666666666667,365,0.5,5,100,1,NA,0.0193531513214111,3.10967020913301,1.52238801376135,-0.148373909813976,4.49696172961268
99,"bbis",0.0166666666666667,365,0.5,5,100,0,40,4.50458407402039,3.94390743330883,1.90727905931555,-0.12153035328809,5.09367799603676
99,"euler",0.0166666666666667,730,1,11,100,1,NA,0.037200927734375,2.81299863511258,1.59017991069839,-0.10782154210972,4.1588780724655
99,"bbis",0.0166666666666667,730,1,11,100,52,88,16.8174958229065,3.74827840942709,2.07753958967852,-0.0940019165232009,4.99465566135484
99,"euler",0.0166666666666667,1460,2,23,100,1,NA,0.0314698219299316,2.47750675916063,0.959986566344766,-0.103073019826312,3.6042804980311
99,"bbis",0.0166666666666667,1460,2,23,100,52,74,27.1890549659729,3.87695532977782,2.06955938500346,-0.0825102095183909,4.79956096964673
99,"euler",0.0166666666666667,4380,6,71,100,1,NA,0.0401129722595215,1.2420515887031,0.351892315507071,-0.128076562020475,3.22475434152188
99,"bbis",0.0166666666666667,4380,6,71,100,0,145,133.015180110931,3.48085353998448,1.86319370046358,-0.130177264789373,4.64272954179075
99,"euler",0.0166666666666667,8760,12,143,100,1,NA,0.0543568134307861,0.919712648977169,0.202887169122336,-0.107606525852564,2.65920613526712
99,"bbis",0.0166666666666667,8760,12,143,100,52,138,288.819845914841,3.26452462580217,1.53614507287214,-0.105035841240906,3.71670990341482
99,"euler",0.0166666666666667,17520,24,287,100,1,NA,0.0632309913635254,0.532806622176886,-0.044184747852138,-0.103871289076821,2.18306908706942
99,"bbis",0.0166666666666667,17520,24,287,100,52,149,578.277700185776,3.09407405755051,1.42101686788507,-0.10446450475487,2.71545610762128
100,"euler",0.0166666666666667,365,0.5,5,100,1,NA,0.0179510116577148,2.56214931486266,1.38960809256727,-0.382167794339349,4.38649629854201
100,"bbis",0.0166666666666667,365,0.5,5,100,0,40,4.4905960559845,3.65661825557825,1.99128264686769,-0.308902645466921,4.77274874039753
100,"euler",0.0166666666666667,730,1,11,100,1,NA,0.0321881771087646,2.3293475850953,0.942561659620309,-0.0741585956997863,4.38459400390879
100,"bbis",0.0166666666666667,730,1,11,100,0,33,6.15499019622803,4.07373508607562,2.02397231749451,-0.0456887485006212,5.13941977429501
100,"euler",0.0166666666666667,1460,2,23,100,1,NA,0.0366640090942383,2.6135476967176,0.952014023730224,-0.0834778753733373,3.72152592248984
100,"bbis",0.0166666666666667,1460,2,23,100,52,94,30.1243901252747,4.11650411002509,1.95099372298835,-0.0509358865418703,5.06236211982127
100,"euler",0.0166666666666667,4380,6,71,100,1,NA,0.0457229614257812,1.79493741354964,0.692350845196755,-0.0693482176888329,2.75549584062186
100,"bbis",0.0166666666666667,4380,6,71,100,52,93,92.0168740749359,3.80447145052888,1.84268587804328,-0.0834112495454535,4.7646323294148
100,"euler",0.0166666666666667,8760,12,143,100,1,NA,0.0425281524658203,1.2276155340345,0.317708517805521,-0.0719778383380219,2.39955778619754
100,"bbis",0.0166666666666667,8760,12,143,100,0,126,260.800403118134,3.56496109235695,1.42803599532671,-0.080319372539236,4.16641414838803
100,"euler",0.0166666666666667,17520,24,287,100,1,NA,0.022413969039917,0.751460993533356,0.0300605415989665,-0.0908899730700542,2.01281006515583
100,"bbis",0.0166666666666667,17520,24,287,100,52,138,536.569025993347,3.16300178831725,1.39856662139547,-0.106911045156381,3.22868435988023
