"sim","method","dt","Tmax","delta","N","M","convergence","iterations","dt","beta1","beta2","beta3","gammasq"
1,"euler",0.0166666666666667,17520,0.5,5,100,1,NA,0.855261087417603,3.27484892005653,1.63991714322399,-0.106751762418565,4.37111258565111
1,"bbis",0.0166666666666667,17520,0.5,5,100,52,57,269.333409786224,4.17569392888662,2.13088095543234,-0.103093601182737,4.87568002247571
1,"euler",0.0166666666666667,17520,1,11,100,1,NA,0.588105916976929,2.86600300692534,1.40120595588115,-0.111089922896766,4.03223781708441
1,"bbis",0.0166666666666667,17520,1,11,100,52,98,414.327228069305,4.18616936728156,2.17103376078872,-0.104126274482529,4.92398143240699
1,"euler",0.0166666666666667,17520,2,23,100,1,NA,0.360581159591675,2.22643828554176,1.11787770525658,-0.113117598161443,3.67623255509656
1,"bbis",0.0166666666666667,17520,2,23,100,52,88,354.610412120819,4.11990233217998,2.19243952884455,-0.108077989117268,4.95562795393574
1,"euler",0.0166666666666667,17520,6,71,100,1,NA,0.229431867599487,1.31685638229704,0.549555607078877,-0.112122149086998,3.06087512022005
1,"bbis",0.0166666666666667,17520,6,71,100,52,172,685.125663995743,3.93661724668382,2.17927032215751,-0.10810068466085,4.499007923022
1,"euler",0.0166666666666667,17520,12,143,100,1,NA,0.210165023803711,0.873869028059733,0.242759956349029,-0.112434306822128,2.69473600354508
1,"bbis",0.0166666666666667,17520,12,143,100,52,91,359.826514959335,3.55775380564848,1.88546293593815,-0.110902675363972,4.03296862767577
1,"euler",0.0166666666666667,17520,24,287,100,1,NA,0.197070837020874,0.545018587443845,0.163804587933773,-0.109004342374228,2.32407524495697
1,"bbis",0.0166666666666667,17520,24,287,100,52,86,344.746603965759,3.06751778240533,1.6817557473995,-0.0987831671568186,3.12313995290417
2,"euler",0.0166666666666667,17520,0.5,5,100,1,NA,0.873399972915649,3.38750719539522,1.48722733511177,-0.0957349532414864,4.30261802003203
2,"bbis",0.0166666666666667,17520,0.5,5,100,0,29,137.002761125565,4.20484606512698,2.01985431115835,-0.0933091846224034,4.88486934818568
2,"euler",0.0166666666666667,17520,1,11,100,1,NA,0.505331993103027,2.9732981301837,1.27759200836423,-0.099217951126412,3.89990801887931
2,"bbis",0.0166666666666667,17520,1,11,100,0,42,177.108536958694,4.19757996649828,2.02663888434894,-0.0960578809289927,4.87509409607353
2,"euler",0.0166666666666667,17520,2,23,100,1,NA,0.266097068786621,2.48265045159348,1.00496554385617,-0.102752438962181,3.38079603020844
2,"bbis",0.0166666666666667,17520,2,23,100,52,122,483.118510007858,4.19268144667456,2.03288374854122,-0.0989019968248564,4.73161479522569
2,"euler",0.0166666666666667,17520,6,71,100,1,NA,0.126195907592773,1.45095913239095,0.505527409229773,-0.0946885431452464,2.7659794372364
2,"bbis",0.0166666666666667,17520,6,71,100,52,126,494.723588943481,3.91310897679708,1.93281028170067,-0.0938770380522268,4.6656525169246
2,"euler",0.0166666666666667,17520,12,143,100,1,NA,0.190283060073853,1.00856268163909,0.369219234074852,-0.0933662193930482,2.43711040631193
2,"bbis",0.0166666666666667,17520,12,143,100,52,125,489.898077011108,3.54595259506328,1.74025618130792,-0.0997240545551766,3.99719545396056
2,"euler",0.0166666666666667,17520,24,287,100,1,NA,0.177135229110718,0.589742413798692,0.228903548927584,-0.0903094135269242,2.05554942676628
2,"bbis",0.0166666666666667,17520,24,287,100,0,36,143.199530124664,2.86330364485205,1.52541478806902,-0.107531191921362,2.61454488118552
3,"euler",0.0166666666666667,17520,0.5,5,100,1,NA,0.88749098777771,3.36419763301624,1.41548469253102,-0.0964762690582977,4.28532508412049
3,"bbis",0.0166666666666667,17520,0.5,5,100,52,142,660.200345993042,4.14701389005204,2.07518884513573,-0.105068434014345,4.86702737086742
3,"euler",0.0166666666666667,17520,1,11,100,1,NA,0.530714988708496,2.9563398173021,1.16202731971479,-0.0940969388283384,3.87185044271652
3,"bbis",0.0166666666666667,17520,1,11,100,0,44,188.024188995361,4.10099657153222,2.05779573845033,-0.107272704077952,4.797348893364
3,"euler",0.0166666666666667,17520,2,23,100,1,NA,0.270226001739502,2.53597081196858,0.909337002220495,-0.0935136868385439,3.42880458607043
3,"bbis",0.0166666666666667,17520,2,23,100,0,89,348.367530822754,4.10150875067795,2.03132493909034,-0.108125343329966,4.75398515358356
3,"euler",0.0166666666666667,17520,6,71,100,1,NA,0.130403995513916,1.68407119963816,0.509537552409238,-0.092428325923998,2.57035211978113
3,"bbis",0.0166666666666667,17520,6,71,100,52,145,564.36323094368,3.91789803106554,1.91283906799397,-0.117725126028627,4.06053767871756
3,"euler",0.0166666666666667,17520,12,143,100,1,NA,0.195295095443726,1.15309336104767,0.289735412536766,-0.0835959351690052,2.23667426756595
3,"bbis",0.0166666666666667,17520,12,143,100,52,112,449.937371015549,3.61271361392815,1.70067244979022,-0.109163577880956,3.15626004905142
3,"euler",0.0166666666666667,17520,24,287,100,1,NA,0.171595096588135,0.729976385438004,0.0739362727985127,-0.0712603209387391,1.84891698380883
3,"bbis",0.0166666666666667,17520,24,287,100,52,102,402.988409042358,3.28364382490978,1.55474072034439,-0.0935009332546382,2.63459818375669
4,"euler",0.0166666666666667,17520,0.5,5,100,1,NA,0.943373918533325,3.26078948812796,1.550713313812,-0.112140198491874,4.34493386534973
4,"bbis",0.0166666666666667,17520,0.5,5,100,0,34,161.375753879547,4.14195951349489,2.12420341026331,-0.116282048798656,4.88391437076271
4,"euler",0.0166666666666667,17520,1,11,100,1,NA,0.545394897460938,2.9061352647186,1.32801432286346,-0.111127386460149,4.00068362220682
4,"bbis",0.0166666666666667,17520,1,11,100,0,34,119.319886922836,4.13965645339245,2.12486894275578,-0.115719602525538,4.97516483326394
4,"euler",0.0166666666666667,17520,2,23,100,1,NA,0.254001140594482,2.34379044749474,0.93010850737788,-0.102599325819746,3.60599371465182
4,"bbis",0.0166666666666667,17520,2,23,100,0,49,183.409899950027,4.11952808250112,2.09719885823003,-0.109569496911175,5.02271204043237
4,"euler",0.0166666666666667,17520,6,71,100,1,NA,0.0944809913635254,1.4838782184176,0.480199846197172,-0.103745920571768,2.90975544295686
4,"bbis",0.0166666666666667,17520,6,71,100,0,100,394.89776301384,3.77924271374948,1.88939124009101,-0.118159110670698,4.67053177458284
4,"euler",0.0166666666666667,17520,12,143,100,1,NA,0.198333024978638,0.895098746074973,0.220728059441026,-0.0975673230128244,2.49639394547155
4,"bbis",0.0166666666666667,17520,12,143,100,52,131,522.401051998138,3.51542521831346,1.70746623651464,-0.11712919481104,3.78535611433624
4,"euler",0.0166666666666667,17520,24,287,100,1,NA,0.165719032287598,0.636523937846651,0.17302874231005,-0.096074583893733,2.1342102588276
4,"bbis",0.0166666666666667,17520,24,287,100,0,81,321.292773008347,2.9796046781538,1.46652635607778,-0.102959097047898,2.78816307044065
5,"euler",0.0166666666666667,17520,0.5,5,100,1,NA,0.936925172805786,3.09784728609093,1.48165258090798,-0.110924936539086,4.42629137151719
5,"bbis",0.0166666666666667,17520,0.5,5,100,52,95,439.714262008667,3.99930066518837,2.00535794570528,-0.107801544704944,4.90853838157085
5,"euler",0.0166666666666667,17520,1,11,100,1,NA,0.474792003631592,2.65682768399412,1.23014835504126,-0.112514085271704,4.09137827111425
5,"bbis",0.0166666666666667,17520,1,11,100,0,22,94.8058440685272,3.99763174465204,2.01865037115401,-0.109738503511102,4.90275785900458
5,"euler",0.0166666666666667,17520,2,23,100,1,NA,0.243718862533569,2.1272135441013,0.997300812142229,-0.114054483428888,3.77489274493674
5,"bbis",0.0166666666666667,17520,2,23,100,52,109,435.496132850647,3.99278697998783,2.01898005929649,-0.109184064981315,4.9038035847081
5,"euler",0.0166666666666667,17520,6,71,100,1,NA,0.10415506362915,1.2411047679459,0.564019878272895,-0.108989653834583,3.21260187306038
5,"bbis",0.0166666666666667,17520,6,71,100,0,36,131.669878959656,3.68646803449043,1.81104728895819,-0.0983531151977127,4.88071774763749
5,"euler",0.0166666666666667,17520,12,143,100,1,NA,0.200927019119263,0.784346346497559,0.21588726697757,-0.108557857405342,2.90889147025844
5,"bbis",0.0166666666666667,17520,12,143,100,52,101,410.405441999435,3.32649909436196,1.54844868328316,-0.100112646287818,4.134792171385
5,"euler",0.0166666666666667,17520,24,287,100,1,NA,0.180732011795044,0.528540326648842,0.143578957118862,-0.107611565074976,2.51270228252357
5,"bbis",0.0166666666666667,17520,24,287,100,0,124,487.525931119919,2.87814942699294,1.16195723342122,-0.0907098689806867,3.25233772539853
6,"euler",0.0166666666666667,17520,0.5,5,100,1,NA,0.920981884002686,3.24919913122933,1.49030872514221,-0.100353005846101,4.34695952230515
6,"bbis",0.0166666666666667,17520,0.5,5,100,0,20,94.5906808376312,4.08417038347648,2.0620995804995,-0.102294981668128,4.86303065719879
6,"euler",0.0166666666666667,17520,1,11,100,1,NA,0.499611139297485,2.84431311627991,1.23293602239693,-0.099755308915768,3.99993632429685
6,"bbis",0.0166666666666667,17520,1,11,100,0,88,362.898015975952,4.04247308041242,2.02623576040875,-0.101754111418513,4.86479673329887
6,"euler",0.0166666666666667,17520,2,23,100,1,NA,0.251276016235352,2.26230635408583,0.889762402571997,-0.0986771983337272,3.58149058849514
6,"bbis",0.0166666666666667,17520,2,23,100,0,42,154.308008909225,4.00898832610508,1.95200362787511,-0.102131429877281,4.84632862970801
6,"euler",0.0166666666666667,17520,6,71,100,1,NA,0.118496179580688,1.39225243628327,0.393440959212046,-0.0945171516861524,2.90549359774738
6,"bbis",0.0166666666666667,17520,6,71,100,0,86,343.43342590332,3.75702513744253,1.84785454571616,-0.104445240757511,4.45316032912634
6,"euler",0.0166666666666667,17520,12,143,100,1,NA,0.195610046386719,0.94579076555045,0.261626215642479,-0.0925590794684885,2.55137680875112
6,"bbis",0.0166666666666667,17520,12,143,100,52,103,412.244734048843,3.43970655169731,1.49446890459315,-0.105332235384771,3.90934748805278
6,"euler",0.0166666666666667,17520,24,287,100,1,NA,0.303292989730835,0.606191500189107,0.192957589967258,-0.0899199105258861,2.14475896375315
6,"bbis",0.0166666666666667,17520,24,287,100,0,32,124.633069038391,2.81815177029167,1.02784446246493,-0.082097595729763,3.33416336954786
7,"euler",0.0166666666666667,17520,0.5,5,100,1,NA,0.867624044418335,3.26291313170272,1.61299768262561,-0.0955484167875353,4.4026347250246
7,"bbis",0.0166666666666667,17520,0.5,5,100,0,44,200.460170984268,4.13411691146952,2.05693114309636,-0.100558090312029,4.91748333802812
7,"euler",0.0166666666666667,17520,1,11,100,1,NA,0.475316047668457,2.89106585326661,1.39784476556892,-0.0940192159943596,4.04023654384103
7,"bbis",0.0166666666666667,17520,1,11,100,0,46,176.294012069702,4.17249046255558,2.08685346472345,-0.102561858689951,4.8970255342905
7,"euler",0.0166666666666667,17520,2,23,100,1,NA,0.253668069839478,2.34175572137184,1.17128334395907,-0.0915493837630375,3.69204871368997
7,"bbis",0.0166666666666667,17520,2,23,100,0,42,166.43416595459,4.11404664899635,2.09056432205963,-0.104342290347583,4.98461583297105
7,"euler",0.0166666666666667,17520,6,71,100,1,NA,0.106542110443115,1.54331827627438,0.749686273387212,-0.0827853841129767,2.9399458789262
7,"bbis",0.0166666666666667,17520,6,71,100,52,92,372.922535896301,3.94810479783697,1.95530674193884,-0.100546120095797,4.29084097558546
7,"euler",0.0166666666666667,17520,12,143,100,1,NA,0.0425419807434082,1.06870132530917,0.435809125107476,-0.0767909396646991,2.59344484765414
7,"bbis",0.0166666666666667,17520,12,143,100,0,92,359.648845911026,3.34061191137481,1.65648407413188,-0.0900309730822959,4.28617708410843
7,"euler",0.0166666666666667,17520,24,287,100,1,NA,0.194045066833496,0.745120748598528,0.283157605787784,-0.0742041862137687,2.10728454260676
7,"bbis",0.0166666666666667,17520,24,287,100,0,30,116.411007881165,2.89833845255523,1.62655079959734,-0.0843666713111412,3.64338018198839
8,"euler",0.0166666666666667,17520,0.5,5,100,1,NA,0.858020067214966,3.21926026614122,1.56500348991367,-0.0903631031333316,4.36348868388191
8,"bbis",0.0166666666666667,17520,0.5,5,100,0,121,560.097603082657,4.08595556627446,2.02594946657042,-0.0935937592379462,4.89355425117288
8,"euler",0.0166666666666667,17520,1,11,100,1,NA,0.512439012527466,2.79754948833502,1.30686852397468,-0.0886656909861457,4.02872718081772
8,"bbis",0.0166666666666667,17520,1,11,100,0,54,204.084139108658,4.09915627112566,2.00404990553032,-0.0956574700001222,4.95553599548263
8,"euler",0.0166666666666667,17520,2,23,100,1,NA,0.260527849197388,2.29555893713087,1.00591014595516,-0.0851120051537779,3.58376653040371
8,"bbis",0.0166666666666667,17520,2,23,100,0,23,95.517706155777,4.02329840390938,1.95997233928977,-0.0953067973797837,4.91575856169786
8,"euler",0.0166666666666667,17520,6,71,100,1,NA,0.11553692817688,1.34605578239236,0.560583484848346,-0.0721927345780161,2.89131127994493
8,"bbis",0.0166666666666667,17520,6,71,100,0,124,485.91190290451,3.80129870298309,1.86969616164149,-0.0893010503893488,4.32900642719741
8,"euler",0.0166666666666667,17520,12,143,100,1,NA,0.227537870407104,0.826662911726824,0.312863144297955,-0.0683360630087619,2.50470734639613
8,"bbis",0.0166666666666667,17520,12,143,100,0,75,298.046504020691,3.42133603879116,1.64579611025504,-0.108050032449855,3.69561253137452
8,"euler",0.0166666666666667,17520,24,287,100,1,NA,0.182069063186646,0.518788007096051,0.272497825352939,-0.0646934483312256,2.16429754951995
8,"bbis",0.0166666666666667,17520,24,287,100,0,39,155.299840927124,2.73002504170128,0.935428539183013,-0.0440096677661904,3.39326969222945
9,"euler",0.0166666666666667,17520,0.5,5,100,1,NA,0.872390985488892,3.17797827516649,1.48106595880929,-0.119500093740662,4.34078954420253
9,"bbis",0.0166666666666667,17520,0.5,5,100,0,44,205.331325054169,4.10175338257464,2.07964135379197,-0.123087635873054,4.865889485681
9,"euler",0.0166666666666667,17520,1,11,100,1,NA,0.481800079345703,2.76487036194306,1.25511694502287,-0.122415768773017,3.98265226630788
9,"bbis",0.0166666666666667,17520,1,11,100,0,42,180.429655790329,4.0879726097577,2.11517073865178,-0.123640743899806,4.89899280281329
9,"euler",0.0166666666666667,17520,2,23,100,1,NA,0.258316993713379,2.15657533845163,0.917390742795641,-0.121208065415847,3.62453367525506
9,"bbis",0.0166666666666667,17520,2,23,100,52,130,510.280358076096,4.05913097622952,2.0817892150547,-0.118891102465139,4.93492475574076
9,"euler",0.0166666666666667,17520,6,71,100,1,NA,0.21222996711731,1.30677712796696,0.444127437456848,-0.116030564754057,3.00915868221279
9,"bbis",0.0166666666666667,17520,6,71,100,52,79,316.256534099579,3.79200991078766,1.89537386691256,-0.111490524542383,4.65716960477072
9,"euler",0.0166666666666667,17520,12,143,100,1,NA,0.196854829788208,0.93745702798365,0.219812584075646,-0.113946828413555,2.56892294016937
9,"bbis",0.0166666666666667,17520,12,143,100,0,142,572.390841960907,3.31335811611341,1.60067144890154,-0.106127044074646,4.03072361946217
9,"euler",0.0166666666666667,17520,24,287,100,1,NA,0.190804004669189,0.661460074637285,0.200419879703638,-0.111049734083342,2.13050710784008
9,"bbis",0.0166666666666667,17520,24,287,100,0,87,342.454429149628,2.94145028970592,1.24064344500877,-0.103916362866207,3.25243035086146
10,"euler",0.0166666666666667,17520,0.5,5,100,1,NA,0.876911878585815,3.3198569189633,1.58028463371127,-0.0974846923011954,4.35268486422959
10,"bbis",0.0166666666666667,17520,0.5,5,100,0,49,229.930463790894,4.13586989505864,2.06844385302958,-0.0941606519968376,4.88739505600872
10,"euler",0.0166666666666667,17520,1,11,100,1,NA,0.476530075073242,2.97196396658523,1.35494818838664,-0.100735084170395,3.96512402990781
10,"bbis",0.0166666666666667,17520,1,11,100,0,73,315.705280065536,4.08654403925633,2.0569494405038,-0.0968200804305502,4.88122415194421
10,"euler",0.0166666666666667,17520,2,23,100,1,NA,0.256553888320923,2.43718296897473,1.0356845558444,-0.10213216059123,3.57723301017729
10,"bbis",0.0166666666666667,17520,2,23,100,0,27,110.714142084122,4.07622365338984,2.03310750712554,-0.0978973217926771,4.88062650712362
10,"euler",0.0166666666666667,17520,6,71,100,1,NA,0.108958005905151,1.52935518490554,0.506226832053131,-0.101461358010082,2.80453292854518
10,"bbis",0.0166666666666667,17520,6,71,100,52,150,590.370354890823,3.85640708688027,1.85148520772553,-0.107540603817036,4.58280548099141
10,"euler",0.0166666666666667,17520,12,143,100,1,NA,0.219640016555786,1.14201067404021,0.281333587650586,-0.0964853150665833,2.28419389588423
10,"bbis",0.0166666666666667,17520,12,143,100,52,61,249.939420938492,3.53602094340775,1.70836439502876,-0.10132658797554,3.82162958462738
10,"euler",0.0166666666666667,17520,24,287,100,1,NA,0.198323965072632,0.7411425104854,0.00279558742488218,-0.0888646290803566,1.91533009982023
10,"bbis",0.0166666666666667,17520,24,287,100,0,57,223.926482915878,2.93561643719445,1.59657604813283,-0.114142841516177,3.4497958596066
11,"euler",0.0166666666666667,17520,0.5,5,100,1,NA,0.868592977523804,3.32911444915075,1.61715311027675,-0.0887358543723405,4.31814505018529
11,"bbis",0.0166666666666667,17520,0.5,5,100,0,119,551.237951040268,4.16257989915878,2.12068232205836,-0.0912383734816828,4.86599005108537
11,"euler",0.0166666666666667,17520,1,11,100,1,NA,0.539254903793335,2.96140357100192,1.37579334813918,-0.0884518059409929,3.94716244114181
11,"bbis",0.0166666666666667,17520,1,11,100,52,84,350.64413690567,4.1550409474959,2.12053530647603,-0.0901278515541007,4.91323360948959
11,"euler",0.0166666666666667,17520,2,23,100,1,NA,0.256006002426147,2.37010487620054,1.05648004458679,-0.08689861604486,3.53628073566789
11,"bbis",0.0166666666666667,17520,2,23,100,0,27,108.889340162277,4.11782356159002,2.10136950311294,-0.0947875879736523,4.90830490698702
11,"euler",0.0166666666666667,17520,6,71,100,1,NA,0.110581159591675,1.44915132637568,0.585296741894588,-0.0772947543830911,2.8500225743289
11,"bbis",0.0166666666666667,17520,6,71,100,0,101,402.855296850204,3.96102300512049,1.99145285009535,-0.0867202625940805,4.34315781756342
11,"euler",0.0166666666666667,17520,12,143,100,1,NA,0.196791887283325,1.08648005728889,0.356893366184034,-0.0722714366621158,2.43019302034193
11,"bbis",0.0166666666666667,17520,12,143,100,0,23,93.1347558498383,3.5302757809902,1.73339269225336,-0.0808036960736295,4.16351137357119
11,"euler",0.0166666666666667,17520,24,287,100,1,NA,0.175467967987061,0.608968585975604,0.219547464179314,-0.0659109189987127,2.07321568496996
11,"bbis",0.0166666666666667,17520,24,287,100,52,80,317.812478065491,3.05350751391837,1.39713214579055,-0.0802341614242293,2.98655209193676
12,"euler",0.0166666666666667,17520,0.5,5,100,1,NA,0.873450040817261,3.25474239746542,1.66227351075616,-0.095852541253252,4.34302483775943
12,"bbis",0.0166666666666667,17520,0.5,5,100,0,22,101.848984956741,4.09558948669663,2.15551305598077,-0.0991450236005869,4.87004269197429
12,"euler",0.0166666666666667,17520,1,11,100,1,NA,0.487159013748169,2.84443155442887,1.42824228630115,-0.094607833835732,3.95152956791942
12,"bbis",0.0166666666666667,17520,1,11,100,0,35,145.442650079727,4.08690463325311,2.15195425366755,-0.100929290683573,4.88640850055532
12,"euler",0.0166666666666667,17520,2,23,100,1,NA,0.346827030181885,2.40119797357961,1.2044693682948,-0.0958025733971217,3.50376980750513
12,"bbis",0.0166666666666667,17520,2,23,100,0,115,459.492294073105,4.08971691406085,2.15514893037086,-0.102380870545266,4.82426044082329
12,"euler",0.0166666666666667,17520,6,71,100,1,NA,0.114197015762329,1.50384867615942,0.633862644675576,-0.0859445007454073,2.84429436910745
12,"bbis",0.0166666666666667,17520,6,71,100,0,59,235.748475790024,3.75040330687419,1.92518121763819,-0.0974777799953871,4.2794383560376
12,"euler",0.0166666666666667,17520,12,143,100,1,NA,0.201591968536377,1.08565364119592,0.397494492201842,-0.0779718823306818,2.40567101888448
12,"bbis",0.0166666666666667,17520,12,143,100,0,126,498.05154800415,3.39587746194159,1.78709205139039,-0.0921301514356031,4.05181300190968
12,"euler",0.0166666666666667,17520,24,287,100,1,NA,0.118213891983032,0.773371733421708,0.259448295056495,-0.0766776638238355,2.0265086136219
12,"bbis",0.0166666666666667,17520,24,287,100,0,188,725.191467046738,3.04356033151089,1.33248505805023,-0.0919350656573951,2.79042438477156
13,"euler",0.0166666666666667,17520,0.5,5,100,1,NA,0.942975044250488,3.24176947634679,1.58748863691679,-0.102110072696161,4.35145793386863
13,"bbis",0.0166666666666667,17520,0.5,5,100,52,79,364.352530002594,4.03265026607023,2.12960368693432,-0.101089120525161,4.90477309918724
13,"euler",0.0166666666666667,17520,1,11,100,1,NA,0.501809120178223,2.83718236307568,1.28582868646357,-0.101735417844956,3.98538257689362
13,"bbis",0.0166666666666667,17520,1,11,100,0,28,119.736227035522,4.03155735597461,2.11803998587232,-0.103375177193742,4.9173657843227
13,"euler",0.0166666666666667,17520,2,23,100,1,NA,0.233171939849854,2.33726993213467,1.06146678229647,-0.100619112492857,3.56009768834409
13,"bbis",0.0166666666666667,17520,2,23,100,52,72,292.046155929565,3.95737144425236,2.14187971754924,-0.104388093446301,4.90781872073112
13,"euler",0.0166666666666667,17520,6,71,100,1,NA,0.124331951141357,1.35669951341097,0.541087921612263,-0.0963896435854247,2.89033024560974
13,"bbis",0.0166666666666667,17520,6,71,100,0,99,378.182494163513,3.71865300835433,1.94069224622946,-0.103130107432023,4.55863761106274
13,"euler",0.0166666666666667,17520,12,143,100,1,NA,0.202934980392456,0.931080725614427,0.352939380819609,-0.0939754392400449,2.52249731306483
13,"bbis",0.0166666666666667,17520,12,143,100,0,189,729.171669006348,3.36803206832576,1.62112067119564,-0.104490583438772,3.98773322665441
13,"euler",0.0166666666666667,17520,24,287,100,1,NA,0.18890905380249,0.613226975935111,0.142118110558536,-0.0972945628623743,2.17322721693258
13,"bbis",0.0166666666666667,17520,24,287,100,0,38,148.013364076614,3.12586951854685,1.49921545486274,-0.118045254966846,2.88153273205946
14,"euler",0.0166666666666667,17520,0.5,5,100,1,NA,0.87120509147644,3.21463630887529,1.56837468318515,-0.114874998134736,4.34663837878458
14,"bbis",0.0166666666666667,17520,0.5,5,100,52,58,272.143197059631,4.1088866502795,2.10927058747516,-0.115264950036112,4.90050913269846
14,"euler",0.0166666666666667,17520,1,11,100,1,NA,0.501332998275757,2.78899554398435,1.32078742617378,-0.1122790722642,4.02115018806687
14,"bbis",0.0166666666666667,17520,1,11,100,52,71,303.312679052353,4.10015926372868,2.08750263982564,-0.112932924023817,4.93425684027708
14,"euler",0.0166666666666667,17520,2,23,100,1,NA,0.260571002960205,2.21273691523732,0.950139696266633,-0.113919936786431,3.63841785147648
14,"bbis",0.0166666666666667,17520,2,23,100,0,88,358.100625038147,4.07285809131066,2.05564000515196,-0.117732402267479,5.00143896770105
14,"euler",0.0166666666666667,17520,6,71,100,1,NA,0.218630790710449,1.37772715826021,0.539655593853856,-0.110910992372022,2.95024222788375
14,"bbis",0.0166666666666667,17520,6,71,100,52,189,745.844826936722,3.78023020778446,1.94263794736584,-0.123052905788168,4.48453709468272
14,"euler",0.0166666666666667,17520,12,143,100,1,NA,0.212072134017944,0.947616817355318,0.278570572530349,-0.108398964345694,2.49171602706044
14,"bbis",0.0166666666666667,17520,12,143,100,0,109,427.896121025085,3.42383602429914,1.77164642959724,-0.118432471328068,4.135754447548
14,"euler",0.0166666666666667,17520,24,287,100,1,NA,0.212175846099854,0.548039793493901,0.148244363749513,-0.102457593176688,2.2226038530475
14,"bbis",0.0166666666666667,17520,24,287,100,52,114,453.561540842056,2.93447215730578,1.45059976865055,-0.110592920197128,2.96913958820714
15,"euler",0.0166666666666667,17520,0.5,5,100,1,NA,0.86608099937439,3.30999673386729,1.58813575073136,-0.0904773415269621,4.33475030944462
15,"bbis",0.0166666666666667,17520,0.5,5,100,0,75,344.945979118347,4.13946245389847,2.07355336829863,-0.0914224069047316,4.89911618314681
15,"euler",0.0166666666666667,17520,1,11,100,1,NA,0.49739408493042,2.90771548367892,1.30693950376352,-0.0892397835547911,3.98173596573201
15,"bbis",0.0166666666666667,17520,1,11,100,0,42,180.747319936752,4.10911165609106,2.08290806151996,-0.0908061516716178,4.97768155359237
15,"euler",0.0166666666666667,17520,2,23,100,1,NA,0.261932849884033,2.28771152634448,0.932405697077888,-0.0878631075064829,3.61688505837057
15,"bbis",0.0166666666666667,17520,2,23,100,0,44,176.104789972305,4.0682888385079,2.06598859883678,-0.0905611026080279,5.01130541611977
15,"euler",0.0166666666666667,17520,6,71,100,1,NA,0.121628999710083,1.32597794698456,0.419271227638565,-0.0780148025327788,2.90374473527108
15,"bbis",0.0166666666666667,17520,6,71,100,0,59,235.495072126389,3.86499628255121,1.90268704430791,-0.0888657203825691,4.60900864442613
15,"euler",0.0166666666666667,17520,12,143,100,1,NA,0.206002950668335,0.867285715106426,0.207411275138328,-0.0772953526300469,2.47247335467095
15,"bbis",0.0166666666666667,17520,12,143,100,52,141,563.528935909271,3.4731756714168,1.63920233634141,-0.083767320407909,3.89816096681093
15,"euler",0.0166666666666667,17520,24,287,100,1,NA,0.191001176834106,0.539492937405517,0.0251383608858709,-0.0770446215745261,1.99526925619187
15,"bbis",0.0166666666666667,17520,24,287,100,0,73,269.447408914566,3.09325013580978,1.34537693072519,-0.0960201190039932,3.19335212072492
16,"euler",0.0166666666666667,17520,0.5,5,100,1,NA,0.873183012008667,3.26193460312775,1.63082420664198,-0.110427739920875,4.39510809410136
16,"bbis",0.0166666666666667,17520,0.5,5,100,0,68,311.00416302681,4.13525821877855,2.14559452672121,-0.109633178487574,4.91328798346044
16,"euler",0.0166666666666667,17520,1,11,100,1,NA,0.4826819896698,2.89274088128182,1.45153153033345,-0.110487910282882,4.00693628506353
16,"bbis",0.0166666666666667,17520,1,11,100,0,50,198.487731933594,4.14287777283202,2.13942852024666,-0.10640970719939,4.89542091860046
16,"euler",0.0166666666666667,17520,2,23,100,1,NA,0.260070085525513,2.41484333158402,1.11778240036568,-0.114357966004814,3.59711002023829
16,"bbis",0.0166666666666667,17520,2,23,100,52,68,279.281205892563,4.14041390552784,2.13883939909218,-0.106913628665203,4.93181096170151
16,"euler",0.0166666666666667,17520,6,71,100,1,NA,0.116498947143555,1.47910471944769,0.652949438826329,-0.107329379594246,2.90917007414262
16,"bbis",0.0166666666666667,17520,6,71,100,0,56,227.844238996506,3.7485195424572,2.07675192720011,-0.0978351681029495,4.6872076512516
16,"euler",0.0166666666666667,17520,12,143,100,1,NA,0.197206974029541,1.13207502252373,0.430045181584448,-0.110388758128188,2.34827850247406
16,"bbis",0.0166666666666667,17520,12,143,100,0,90,332.239794969559,3.60204668670745,1.86324655877955,-0.103484224088496,3.88671995615998
16,"euler",0.0166666666666667,17520,24,287,100,1,NA,0.159723043441772,0.784215602007736,0.283893072717234,-0.105401657250989,2.02118310411578
16,"bbis",0.0166666666666667,17520,24,287,100,0,56,227.597056150436,3.1144985078872,1.69423300520106,-0.0910629154396843,3.1476919553005
17,"euler",0.0166666666666667,17520,0.5,5,100,1,NA,0.870465040206909,3.18844746317289,1.48503520966401,-0.0999968516632131,4.41116621594941
17,"bbis",0.0166666666666667,17520,0.5,5,100,0,33,146.25964808464,4.08076802297096,2.03400267140387,-0.0980395306866476,4.92099957700631
17,"euler",0.0166666666666667,17520,1,11,100,1,NA,0.491643905639648,2.76514115090625,1.21427455205783,-0.100922876642913,4.07221594100242
17,"bbis",0.0166666666666667,17520,1,11,100,0,64,271.678413152695,4.03917137080911,2.00711001385578,-0.0987778922387149,4.93229682262119
17,"euler",0.0166666666666667,17520,2,23,100,1,NA,0.33358907699585,2.21420536487705,0.882548689669906,-0.100241374609335,3.68330171458041
17,"bbis",0.0166666666666667,17520,2,23,100,52,92,366.395323991776,4.01361093286958,1.99084627760576,-0.097791900388742,5.00346060051321
17,"euler",0.0166666666666667,17520,6,71,100,1,NA,0.115185022354126,1.31792298212053,0.504584434285639,-0.104433707190231,3.02337709361198
17,"bbis",0.0166666666666667,17520,6,71,100,0,47,191.125157117844,3.79918287797647,1.86303680892027,-0.100035036098388,4.62928510122798
17,"euler",0.0166666666666667,17520,12,143,100,1,NA,0.19259786605835,0.919341187137068,0.314516686037676,-0.102067037151496,2.62030657396138
17,"bbis",0.0166666666666667,17520,12,143,100,52,190,742.727747917175,3.42191891519093,1.56649307286513,-0.101012984751992,3.86937496922945
17,"euler",0.0166666666666667,17520,24,287,100,1,NA,0.17975902557373,0.660843238549184,0.182940995950775,-0.100557259784014,2.19067914445306
17,"bbis",0.0166666666666667,17520,24,287,100,0,216,829.587846040726,3.16439985673909,1.50266703642073,-0.0887361267348172,2.90436092370627
18,"euler",0.0166666666666667,17520,0.5,5,100,1,NA,0.87555718421936,3.18867456300155,1.54655542690215,-0.100999504917631,4.37064524654425
18,"bbis",0.0166666666666667,17520,0.5,5,100,0,86,396.343857049942,4.03878058079698,2.05521013216343,-0.101059161395435,4.87773168308161
18,"euler",0.0166666666666667,17520,1,11,100,1,NA,0.494943141937256,2.67139720375111,1.22810865494062,-0.101175663762711,4.0286104882541
18,"bbis",0.0166666666666667,17520,1,11,100,0,29,123.129054069519,4.01425693097131,2.03858057853573,-0.10382034444147,4.83731683710895
18,"euler",0.0166666666666667,17520,2,23,100,1,NA,0.254904985427856,2.20148150531975,0.99704470785091,-0.101352662778392,3.6207183563122
18,"bbis",0.0166666666666667,17520,2,23,100,52,133,531.064591169357,3.94037698467938,2.02531822281256,-0.106853932532252,4.78753124768953
18,"euler",0.0166666666666667,17520,6,71,100,1,NA,0.110755920410156,1.34010305579857,0.393346495123504,-0.0983688235580153,2.98131710581856
18,"bbis",0.0166666666666667,17520,6,71,100,0,49,170.359245061874,3.78811193211718,1.88838333185314,-0.104991617881016,4.29889363520074
18,"euler",0.0166666666666667,17520,12,143,100,1,NA,0.1977379322052,0.847837878374881,0.275999398646996,-0.09447407877707,2.6426237513656
18,"bbis",0.0166666666666667,17520,12,143,100,0,34,138.245184183121,3.39931982537749,1.65141879937262,-0.0921243725172203,4.0844276771251
18,"euler",0.0166666666666667,17520,24,287,100,1,NA,0.177602052688599,0.616399417195505,0.0975341370632182,-0.0925274201922322,2.24190991102645
18,"bbis",0.0166666666666667,17520,24,287,100,52,150,584.424264907837,3.07712968368759,1.43130698830186,-0.104747037820235,2.69431075573613
19,"euler",0.0166666666666667,17520,0.5,5,100,1,NA,0.869901895523071,3.27565756476839,1.528657005898,-0.0957546911491382,4.32387838034888
19,"bbis",0.0166666666666667,17520,0.5,5,100,52,59,277.637028932571,4.11241471371525,1.97799961854296,-0.0946003932736082,4.86903789960072
19,"euler",0.0166666666666667,17520,1,11,100,1,NA,0.549044132232666,2.85681899564523,1.21465577213765,-0.100039732116213,3.96718143559108
19,"bbis",0.0166666666666667,17520,1,11,100,0,63,261.849890947342,4.09133024783071,1.97385183963637,-0.0967315805686048,4.87366381725431
19,"euler",0.0166666666666667,17520,2,23,100,1,NA,0.250294208526611,2.31055276770202,0.96539841338206,-0.0986576140265397,3.55003996821127
19,"bbis",0.0166666666666667,17520,2,23,100,0,74,301.063221216202,4.01957569441156,1.97923032569352,-0.0948978454137957,4.8661186833946
19,"euler",0.0166666666666667,17520,6,71,100,1,NA,0.118449926376343,1.42346053831184,0.589309925740445,-0.0974467584267816,2.90123505648
19,"bbis",0.0166666666666667,17520,6,71,100,52,239,936.50921702385,3.7434475351627,1.84676359874243,-0.101415182298314,4.45675902915946
19,"euler",0.0166666666666667,17520,12,143,100,1,NA,0.206914901733398,0.945726255126664,0.321914766709235,-0.0918048311563,2.58744351069043
19,"bbis",0.0166666666666667,17520,12,143,100,52,86,341.472093820572,3.51388237724617,1.59353354394629,-0.0914811219079061,3.92799085788621
19,"euler",0.0166666666666667,17520,24,287,100,1,NA,0.208000898361206,0.464814349624093,0.184968282795501,-0.0881193446081729,2.27532530635456
19,"bbis",0.0166666666666667,17520,24,287,100,0,90,354.112848043442,3.11407590068061,1.32609576094943,-0.0856858476733511,2.81982197349897
20,"euler",0.0166666666666667,17520,0.5,5,100,1,NA,0.868227005004883,3.35548422472871,1.62916085256699,-0.0877923757127683,4.27699170968986
20,"bbis",0.0166666666666667,17520,0.5,5,100,52,81,379.215021848679,4.12877766549037,2.06816338528271,-0.0826729344542164,4.84684480381047
20,"euler",0.0166666666666667,17520,1,11,100,1,NA,0.536978006362915,2.93989408876593,1.36674168897127,-0.0908165759691008,3.87274990139159
20,"bbis",0.0166666666666667,17520,1,11,100,52,86,368.967643976212,4.1326497683867,2.06937731460803,-0.0874545163785908,4.82437004645431
20,"euler",0.0166666666666667,17520,2,23,100,1,NA,0.256676912307739,2.40309354735472,1.07600981370058,-0.091286199593754,3.44878188397932
20,"bbis",0.0166666666666667,17520,2,23,100,52,149,591.358757972717,4.09705720409737,2.04872323904239,-0.0831279574452933,4.80958297539492
20,"euler",0.0166666666666667,17520,6,71,100,1,NA,0.149944067001343,1.48035326610133,0.494977364462499,-0.0922878847369722,2.74049103094681
20,"bbis",0.0166666666666667,17520,6,71,100,52,62,247.675776958466,3.84281584507329,1.93181035750213,-0.0894034743928403,4.53031157397787
20,"euler",0.0166666666666667,17520,12,143,100,1,NA,0.19881796836853,1.02631530366551,0.245126711701055,-0.0933093508783331,2.31285045828378
20,"bbis",0.0166666666666667,17520,12,143,100,52,95,377.977381944656,3.53100037312176,1.67209533179232,-0.0872446366954854,3.58324535406628
20,"euler",0.0166666666666667,17520,24,287,100,1,NA,0.18797492980957,0.685566057973022,0.054271059507909,-0.0865728671344091,1.95093359026113
20,"bbis",0.0166666666666667,17520,24,287,100,52,80,319.197364091873,3.2575800444649,1.51663708473575,-0.0813039775495243,2.62481011985414
21,"euler",0.0166666666666667,17520,0.5,5,100,1,NA,0.873059988021851,3.20778570276923,1.50687811994277,-0.113189564181064,4.37350911543049
21,"bbis",0.0166666666666667,17520,0.5,5,100,0,38,175.225003004074,4.06206709612918,2.01590098186066,-0.111900438893084,4.89726474226537
21,"euler",0.0166666666666667,17520,1,11,100,1,NA,0.480871200561523,2.79803510905737,1.24744457011436,-0.112936492274618,4.01513870087118
21,"bbis",0.0166666666666667,17520,1,11,100,0,65,279.079793930054,4.04861243770194,2.0241239430801,-0.110843148716967,4.85665667582922
21,"euler",0.0166666666666667,17520,2,23,100,1,NA,0.246327877044678,2.31986213289107,0.997111593659742,-0.113847321914205,3.61045928939439
21,"bbis",0.0166666666666667,17520,2,23,100,0,40,162.975056886673,4.00717814498656,2.00614450154447,-0.111792717770261,4.93267062506412
21,"euler",0.0166666666666667,17520,6,71,100,1,NA,0.0992839336395264,1.40737826452885,0.496325751682579,-0.116101368558641,2.98351089357379
21,"bbis",0.0166666666666667,17520,6,71,100,0,131,518.413058996201,3.79658130069744,1.85140507990118,-0.120677436092492,4.81440436941948
21,"euler",0.0166666666666667,17520,12,143,100,1,NA,0.190026044845581,0.958140582918505,0.194738076462673,-0.111581523832071,2.46558589435762
21,"bbis",0.0166666666666667,17520,12,143,100,52,217,843.02247095108,3.46445771504877,1.50456910845317,-0.126196049440389,3.9050378218922
21,"euler",0.0166666666666667,17520,24,287,100,1,NA,0.213912963867188,0.650783178139604,0.140183022420414,-0.115036307247186,2.06584176148126
21,"bbis",0.0166666666666667,17520,24,287,100,0,121,476.570242881775,3.16257804018735,1.33747947467708,-0.123228857828845,2.90822086624952
22,"euler",0.0166666666666667,17520,0.5,5,100,1,NA,0.872498035430908,3.26536875301915,1.62529217705943,-0.104819172010829,4.3583660288688
22,"bbis",0.0166666666666667,17520,0.5,5,100,0,57,265.709110975266,4.1208543312734,2.10162639790816,-0.103132272844088,4.88888566674963
22,"euler",0.0166666666666667,17520,1,11,100,1,NA,0.494590044021606,2.83656358864878,1.37842692940348,-0.103099535637235,3.99108489298025
22,"bbis",0.0166666666666667,17520,1,11,100,0,41,174.817769050598,4.07757403888891,2.10569148925252,-0.102225227781677,4.88084112720535
22,"euler",0.0166666666666667,17520,2,23,100,1,NA,0.252350807189941,2.34829531258455,1.10374871944242,-0.100563192069882,3.59928500931463
22,"bbis",0.0166666666666667,17520,2,23,100,0,106,426.081181049347,4.04994550443183,2.13611596634533,-0.101931020811307,4.93411300632306
22,"euler",0.0166666666666667,17520,6,71,100,1,NA,0.115180969238281,1.53501382013023,0.520856415001539,-0.0984722781250316,2.85990512578375
22,"bbis",0.0166666666666667,17520,6,71,100,0,142,558.554579973221,3.83652343639905,1.87723989021983,-0.10656331713421,4.37010320385807
22,"euler",0.0166666666666667,17520,12,143,100,1,NA,0.190088987350464,1.03983471547274,0.233911193839224,-0.0932510924792925,2.31692178007008
22,"bbis",0.0166666666666667,17520,12,143,100,52,190,743.251727104187,3.35337503030824,1.64745157621817,-0.103777198816898,3.44758049932978
22,"euler",0.0166666666666667,17520,24,287,100,1,NA,0.184468984603882,0.748663064752563,0.18438575844817,-0.0990413509553854,1.85353045525885
22,"bbis",0.0166666666666667,17520,24,287,100,52,142,544.929793834686,3.19938363124711,1.51683830471084,-0.114064180026652,2.39534132165637
23,"euler",0.0166666666666667,17520,0.5,5,100,1,NA,0.87053108215332,3.22102228408551,1.57966227574928,-0.100655747881504,4.35219296160896
23,"bbis",0.0166666666666667,17520,0.5,5,100,0,63,281.702502012253,4.05560069359955,2.0428501266886,-0.10449621771708,4.86444742611369
23,"euler",0.0166666666666667,17520,1,11,100,1,NA,0.532908916473389,2.85654883878089,1.3831459132606,-0.0994608069656656,3.99516261957945
23,"bbis",0.0166666666666667,17520,1,11,100,52,68,290.35273194313,4.06637099952027,2.0467459289807,-0.104918247230124,4.87723853049998
23,"euler",0.0166666666666667,17520,2,23,100,1,NA,0.254864931106567,2.27921365566872,1.03845339981108,-0.0985005344751721,3.62711795097366
23,"bbis",0.0166666666666667,17520,2,23,100,0,85,336.45635008812,4.01623454460223,2.0414164149781,-0.106991181393431,4.94234144973037
23,"euler",0.0166666666666667,17520,6,71,100,1,NA,0.11515998840332,1.37898770337122,0.57992314543433,-0.0889777661404667,2.97672706505141
23,"bbis",0.0166666666666667,17520,6,71,100,0,176,686.69997382164,3.88868231478275,1.92156410107929,-0.0971742053235037,4.7465890700839
23,"euler",0.0166666666666667,17520,12,143,100,1,NA,0.221266984939575,0.952748778128209,0.359726860515496,-0.088772857161765,2.60291635066247
23,"bbis",0.0166666666666667,17520,12,143,100,0,61,224.818154811859,3.31524536038175,1.63252217106112,-0.0864420785700099,4.19672682826288
23,"euler",0.0166666666666667,17520,24,287,100,1,NA,0.205648899078369,0.595266459446523,0.217687422282044,-0.0825308046501769,2.23300479639049
23,"bbis",0.0166666666666667,17520,24,287,100,0,102,398.187963962555,2.93186735135394,1.36996463878672,-0.0826922922474197,3.67046661154827
24,"euler",0.0166666666666667,17520,0.5,5,100,1,NA,0.86886191368103,3.25922336681786,1.54872791302908,-0.0957112710239979,4.43474923727176
24,"bbis",0.0166666666666667,17520,0.5,5,100,0,54,255.696554899216,4.07549961947619,2.00103763090984,-0.0998863980098106,4.95554176388637
24,"euler",0.0166666666666667,17520,1,11,100,1,NA,0.552451133728027,2.8416522114306,1.3680431741039,-0.093792864041964,4.05993627104484
24,"bbis",0.0166666666666667,17520,1,11,100,0,46,196.002136945724,4.06911344302554,2.03499010050858,-0.101486450534273,4.93010991762459
24,"euler",0.0166666666666667,17520,2,23,100,1,NA,0.256821870803833,2.38404037233639,1.08580758164509,-0.091684078018142,3.64648797916086
24,"bbis",0.0166666666666667,17520,2,23,100,0,95,376.952330827713,4.07790103390905,2.03781525099841,-0.100706117806977,4.89224981046582
24,"euler",0.0166666666666667,17520,6,71,100,1,NA,0.0903918743133545,1.43421700486612,0.550163218020656,-0.0801917278531617,2.92588694776816
24,"bbis",0.0166666666666667,17520,6,71,100,0,69,269.720324039459,3.82419318756619,1.87141956345627,-0.0996288426219143,4.44609448842532
24,"euler",0.0166666666666667,17520,12,143,100,1,NA,0.21609902381897,0.947202693999751,0.335716003739258,-0.0795970471386012,2.59621406788794
24,"bbis",0.0166666666666667,17520,12,143,100,0,103,405.383494853973,3.32785114784018,1.55787028692486,-0.094489409732996,4.26839257085235
24,"euler",0.0166666666666667,17520,24,287,100,1,NA,0.183151006698608,0.545316706946933,0.216759803085677,-0.0743559703654797,2.26068373881847
24,"bbis",0.0166666666666667,17520,24,287,100,52,108,424.775154829025,2.88495728509314,1.39858353200218,-0.0950026607273165,3.79204766825033
25,"euler",0.0166666666666667,17520,0.5,5,100,1,NA,0.871863842010498,3.28259994079244,1.60139601155345,-0.106709366887311,4.30788201359325
25,"bbis",0.0166666666666667,17520,0.5,5,100,52,58,246.207026004791,4.16834558549682,2.11807170710028,-0.10209109612878,4.86664858391054
25,"euler",0.0166666666666667,17520,1,11,100,1,NA,0.481039047241211,2.90245554409314,1.36854228739066,-0.11073962648291,3.90632931011085
25,"bbis",0.0166666666666667,17520,1,11,100,0,77,326.898059129715,4.17183522407219,2.14701148212534,-0.102609447207721,4.84322225913886
25,"euler",0.0166666666666667,17520,2,23,100,1,NA,0.251471042633057,2.29204824366876,1.06168189630208,-0.111595237850511,3.54769602985145
25,"bbis",0.0166666666666667,17520,2,23,100,52,78,315.898930072784,4.14345451036993,2.13623425240967,-0.103685664241831,4.8897848207358
25,"euler",0.0166666666666667,17520,6,71,100,1,NA,0.122974872589111,1.32689590592163,0.51586695183295,-0.112331484151671,2.87706583580033
25,"bbis",0.0166666666666667,17520,6,71,100,0,28,113.355414152145,3.70869674977324,1.94764911218667,-0.113906160685171,4.58563900427567
25,"euler",0.0166666666666667,17520,12,143,100,1,NA,0.198285102844238,0.913053642698385,0.294796380468344,-0.108874635539927,2.54386196861788
25,"bbis",0.0166666666666667,17520,12,143,100,0,77,309.763531923294,3.19511299305076,1.65665338029263,-0.0973298121175585,3.84097356215968
25,"euler",0.0166666666666667,17520,24,287,100,1,NA,0.180063009262085,0.642315892244304,0.202059451039551,-0.111544743363623,2.15139671475243
25,"bbis",0.0166666666666667,17520,24,287,100,0,49,188.6531021595,2.66762484799808,1.35646388104132,-0.115285857231043,3.79669087554332
26,"euler",0.0166666666666667,17520,0.5,5,100,1,NA,0.932908058166504,3.33987312832239,1.58011127440218,-0.107072909406095,4.30205913933992
26,"bbis",0.0166666666666667,17520,0.5,5,100,0,48,221.969645023346,4.12884860714805,2.10992797440838,-0.108362043659012,4.88127772325198
26,"euler",0.0166666666666667,17520,1,11,100,1,NA,0.469985008239746,3.02167056638437,1.41318866532882,-0.107994229784206,3.87509021821996
26,"bbis",0.0166666666666667,17520,1,11,100,0,49,204.534736871719,4.13616503311518,2.15276292576053,-0.107982063666765,4.87529493121046
26,"euler",0.0166666666666667,17520,2,23,100,1,NA,0.264620065689087,2.55487279739557,1.11765490484231,-0.10902930359592,3.41876903729622
26,"bbis",0.0166666666666667,17520,2,23,100,0,32,116.187134981155,4.15235845284161,2.15094768972959,-0.10969272087374,4.94079328907957
26,"euler",0.0166666666666667,17520,6,71,100,1,NA,0.123193979263306,1.68697641400459,0.49031790813226,-0.101491540554801,2.58759723743614
26,"bbis",0.0166666666666667,17520,6,71,100,52,57,229.201703071594,3.89598605994699,2.02034775788613,-0.116887967383055,4.21952128040659
26,"euler",0.0166666666666667,17520,12,143,100,1,NA,0.178429841995239,1.13645099094888,0.276842889110602,-0.0964478211364649,2.11398876998167
26,"bbis",0.0166666666666667,17520,12,143,100,0,59,237.664427042007,3.57623243063293,1.74925865429837,-0.11467747247957,3.51119407473138
26,"euler",0.0166666666666667,17520,24,287,100,1,NA,0.212220907211304,0.75148973069947,0.17888811764311,-0.0915781037133948,1.75405458648353
26,"bbis",0.0166666666666667,17520,24,287,100,0,69,280.43070602417,3.1469383143256,1.49694392718643,-0.0995234001601161,2.67153714529707
27,"euler",0.0166666666666667,17520,0.5,5,100,1,NA,0.865323066711426,3.18215032789304,1.41769374979292,-0.0806005213550377,4.35986475092473
27,"bbis",0.0166666666666667,17520,0.5,5,100,0,75,288.738290071487,4.02285463030086,1.94754777778593,-0.0877492600647243,4.87025903044424
27,"euler",0.0166666666666667,17520,1,11,100,1,NA,0.480902910232544,2.83952671577458,1.22839687412756,-0.0804702434232376,4.0144687976628
27,"bbis",0.0166666666666667,17520,1,11,100,0,61,256.301319122314,4.02739316880597,1.96632686474634,-0.0887422190372107,4.9100927325936
27,"euler",0.0166666666666667,17520,2,23,100,1,NA,0.261861085891724,2.31811187626491,0.919426887398443,-0.0751099063624195,3.60569152470232
27,"bbis",0.0166666666666667,17520,2,23,100,52,59,235.141024112701,3.98829006785093,1.91374580702528,-0.086708672814781,4.9301714052893
27,"euler",0.0166666666666667,17520,6,71,100,1,NA,0.0980160236358643,1.55411928900659,0.599089210157327,-0.0735288189385525,2.77294785687538
27,"bbis",0.0166666666666667,17520,6,71,100,52,216,837.631188154221,3.88339188008378,1.98459261813811,-0.0925105201202168,4.77261699923195
27,"euler",0.0166666666666667,17520,12,143,100,1,NA,0.201099872589111,1.11885093230891,0.278985695609498,-0.065164766551249,2.24615961615584
27,"bbis",0.0166666666666667,17520,12,143,100,52,85,337.360249042511,3.64279229641294,1.84574836511302,-0.0800598247446837,3.30955592940541
27,"euler",0.0166666666666667,17520,24,287,100,1,NA,0.191097974777222,0.70983714677188,0.178468349922223,-0.057885888190292,1.89183587049773
27,"bbis",0.0166666666666667,17520,24,287,100,52,166,642.558981895447,3.1259486639767,1.28769213666179,-0.0715352841230562,2.48594697947587
28,"euler",0.0166666666666667,17520,0.5,5,100,1,NA,0.870894193649292,3.2199779471451,1.56013193741518,-0.0908505396697622,4.36464758930533
28,"bbis",0.0166666666666667,17520,0.5,5,100,0,68,319.075325965881,4.0689549254845,2.01172415858954,-0.0982616163480149,4.8920910975606
28,"euler",0.0166666666666667,17520,1,11,100,1,NA,0.494235992431641,2.8448681866862,1.41219432830335,-0.087947892944002,4.02104172068088
28,"bbis",0.0166666666666667,17520,1,11,100,0,65,275.827852964401,4.04191878609682,2.0144767702439,-0.0971513793816935,4.94633032642179
28,"euler",0.0166666666666667,17520,2,23,100,1,NA,0.283705949783325,2.29109431765264,1.20368279336607,-0.0817404887744555,3.62063926637074
28,"bbis",0.0166666666666667,17520,2,23,100,0,40,146.463031053543,4.01954268196021,2.01738310620963,-0.0970094269027041,4.92927769615765
28,"euler",0.0166666666666667,17520,6,71,100,1,NA,0.137878894805908,1.38485612918676,0.69373479616238,-0.0700277731688435,2.98239677106405
28,"bbis",0.0166666666666667,17520,6,71,100,0,79,319.977693080902,3.84529015733213,1.9636769625222,-0.0886219997303109,4.25699707166426
28,"euler",0.0166666666666667,17520,12,143,100,1,NA,0.207062005996704,1.02145215639036,0.556698808842676,-0.0607629456360155,2.4732087391013
28,"bbis",0.0166666666666667,17520,12,143,100,52,67,265.122091054916,3.55826360806871,1.73706335218806,-0.0849639102798076,3.64292279245299
28,"euler",0.0166666666666667,17520,24,287,100,1,NA,0.228736877441406,0.619729098115036,0.275197793127984,-0.0549034231889289,2.16328440281196
28,"bbis",0.0166666666666667,17520,24,287,100,0,23,93.9731171131134,2.96928277159623,1.49117393941938,-0.07556971110197,3.09586812477649
29,"euler",0.0166666666666667,17520,0.5,5,100,1,NA,0.879498958587646,3.35445429799612,1.56534208109644,-0.123858711406327,4.34070025666904
29,"bbis",0.0166666666666667,17520,0.5,5,100,0,40,189.253550052643,4.15988278695381,2.06968845496853,-0.121903270216339,4.90683765314785
29,"euler",0.0166666666666667,17520,1,11,100,1,NA,0.581308126449585,2.95965776817083,1.3257945188851,-0.126329880581592,3.9537817739587
29,"bbis",0.0166666666666667,17520,1,11,100,0,68,292.267992973328,4.15101074446042,2.07846936261653,-0.123429150700037,4.90287015829626
29,"euler",0.0166666666666667,17520,2,23,100,1,NA,0.365999937057495,2.4303752823591,1.05176426655378,-0.132789755580907,3.5074612500026
29,"bbis",0.0166666666666667,17520,2,23,100,0,96,383.369425058365,4.12490726561583,2.06488954073996,-0.128258304535805,4.84863302908689
29,"euler",0.0166666666666667,17520,6,71,100,1,NA,0.218889951705933,1.44807516947461,0.58945353332325,-0.125990772661937,2.79606615670399
29,"bbis",0.0166666666666667,17520,6,71,100,0,23,94.547581911087,3.82614206040859,1.98911695636812,-0.128991362776318,4.52565847555013
29,"euler",0.0166666666666667,17520,12,143,100,1,NA,0.223921060562134,1.04528093281799,0.349371480556303,-0.12198484499628,2.40218821849739
29,"bbis",0.0166666666666667,17520,12,143,100,0,71,280.939186096191,3.43282491516465,1.74940534024161,-0.115018653845407,4.13877987004651
29,"euler",0.0166666666666667,17520,24,287,100,1,NA,0.183778047561646,0.83871193713624,0.205914781742374,-0.123617386302105,1.85519381858965
29,"bbis",0.0166666666666667,17520,24,287,100,52,99,395.154778957367,3.30174234149616,1.42679086138389,-0.101757786946083,2.6435122223919
30,"euler",0.0166666666666667,17520,0.5,5,100,1,NA,0.874356985092163,3.27227037801415,1.59434235362634,-0.11089605633674,4.38542413506539
30,"bbis",0.0166666666666667,17520,0.5,5,100,0,53,247.944968223572,4.12733460621636,2.11883237361877,-0.110706468650333,4.92289714466792
30,"euler",0.0166666666666667,17520,1,11,100,1,NA,0.489694118499756,2.8188680463082,1.33182480825223,-0.113458396105141,4.04507427660587
30,"bbis",0.0166666666666667,17520,1,11,100,0,77,321.583190202713,4.1279354662073,2.10832186256156,-0.111097184306481,4.91057871690786
30,"euler",0.0166666666666667,17520,2,23,100,1,NA,0.230021953582764,2.3820790576025,1.10836263596381,-0.115598626323924,3.69017321385913
30,"bbis",0.0166666666666667,17520,2,23,100,0,59,240.786189079285,4.10644736863556,2.10057692571647,-0.115909122921479,5.1106368200141
30,"euler",0.0166666666666667,17520,6,71,100,1,NA,0.132613897323608,1.45693656738847,0.59989082016335,-0.112302085148876,2.9170314330869
30,"bbis",0.0166666666666667,17520,6,71,100,52,142,562.337703943253,3.80429297414185,1.98790040632866,-0.113370097231939,4.61469382586585
30,"euler",0.0166666666666667,17520,12,143,100,1,NA,0.201714038848877,1.01970632393098,0.396907752103025,-0.112247981883356,2.50907007755956
30,"bbis",0.0166666666666667,17520,12,143,100,52,113,445.1262819767,3.55941631169907,1.84536305649809,-0.114600733665365,4.02034317038464
30,"euler",0.0166666666666667,17520,24,287,100,1,NA,0.209174156188965,0.556303944846568,0.147314946072652,-0.112922573193564,2.26498960019744
30,"bbis",0.0166666666666667,17520,24,287,100,52,168,650.089304924011,2.95970109111623,1.3858731896395,-0.109470071642781,3.23112286320261
31,"euler",0.0166666666666667,17520,0.5,5,100,1,NA,0.881305932998657,3.23076019797448,1.52501028148561,-0.0908457698503016,4.349011013614
31,"bbis",0.0166666666666667,17520,0.5,5,100,0,51,240.122284889221,4.11106259714299,2.04580710410362,-0.087862827163617,4.88192797767733
31,"euler",0.0166666666666667,17520,1,11,100,1,NA,0.509286880493164,2.76030271840928,1.2496348847986,-0.0903905904290963,4.01391217005308
31,"bbis",0.0166666666666667,17520,1,11,100,52,94,394.281545877457,4.08266719565364,2.0321956141016,-0.0844488310891575,4.92914538868483
31,"euler",0.0166666666666667,17520,2,23,100,1,NA,0.257472991943359,2.16578659854674,0.911054901899287,-0.0942369323735756,3.60410480848528
31,"bbis",0.0166666666666667,17520,2,23,100,0,52,184.397896051407,4.11285803189154,2.06754156827258,-0.0897518189621671,4.8747956113819
31,"euler",0.0166666666666667,17520,6,71,100,1,NA,0.2483069896698,1.31184174037203,0.38196231320196,-0.0945522755004132,2.95819722071266
31,"bbis",0.0166666666666667,17520,6,71,100,52,96,388.259201049805,3.82643602211207,1.86457349504922,-0.089225205137635,4.32057274733225
31,"euler",0.0166666666666667,17520,12,143,100,1,NA,0.189269065856934,0.918329252347393,0.108691546692757,-0.0958156237261149,2.49236721442542
31,"bbis",0.0166666666666667,17520,12,143,100,52,96,382.924675941467,3.54551057469218,1.70622202952824,-0.0883359651430936,3.8408875014936
31,"euler",0.0166666666666667,17520,24,287,100,1,NA,0.195125818252563,0.747777178926486,0.149266816073883,-0.0928633310420109,2.12768995145167
31,"bbis",0.0166666666666667,17520,24,287,100,52,86,337.155973911285,3.03968916259886,1.26584655464488,-0.0907048071203104,2.95997085454968
32,"euler",0.0166666666666667,17520,0.5,5,100,1,NA,0.868549108505249,3.18652710992373,1.53518547293883,-0.12632698520286,4.37274303087271
32,"bbis",0.0166666666666667,17520,0.5,5,100,52,61,285.872915029526,3.98922861052126,1.9828730130338,-0.124497663152013,4.87374716369149
32,"euler",0.0166666666666667,17520,1,11,100,1,NA,0.514863014221191,2.76340961895369,1.27774930930334,-0.127018334376437,4.0127203919867
32,"bbis",0.0166666666666667,17520,1,11,100,0,55,200.481100082397,3.97263831577842,1.98669157701318,-0.12207741903185,4.85995413580875
32,"euler",0.0166666666666667,17520,2,23,100,1,NA,0.253518104553223,2.29875184223929,1.03380831567846,-0.128213310924913,3.58505744542023
32,"bbis",0.0166666666666667,17520,2,23,100,52,61,248.690001010895,3.93293159417649,1.98570832821219,-0.120389474801845,4.86951485515122
32,"euler",0.0166666666666667,17520,6,71,100,1,NA,0.243155002593994,1.42807728752911,0.435444421599902,-0.128624262081806,2.92123464235999
32,"bbis",0.0166666666666667,17520,6,71,100,0,163,650.808254957199,3.67792505061424,1.88146064114106,-0.123818822013993,4.58606247593788
32,"euler",0.0166666666666667,17520,12,143,100,1,NA,0.226721048355103,1.02958122665443,0.22716830005897,-0.12460054680477,2.47718557418309
32,"bbis",0.0166666666666667,17520,12,143,100,0,45,180.008605003357,3.45372477064407,1.70829067596705,-0.127423913235597,4.02753325106877
32,"euler",0.0166666666666667,17520,24,287,100,1,NA,0.180465936660767,0.746799700733307,0.132415301793556,-0.126803074892751,2.05284552332292
32,"bbis",0.0166666666666667,17520,24,287,100,0,36,128.367451190948,3.20563264629695,1.53717901507651,-0.128807306269692,3.3653309620152
33,"euler",0.0166666666666667,17520,0.5,5,100,1,NA,0.868499994277954,3.36606844475162,1.59668740962439,-0.104359518209621,4.2889992419586
33,"bbis",0.0166666666666667,17520,0.5,5,100,0,68,317.438977003098,4.14781805928662,2.10951494463128,-0.104203875679508,4.85775374157763
33,"euler",0.0166666666666667,17520,1,11,100,1,NA,0.482679843902588,2.96012206211021,1.35845535986702,-0.102898906791704,3.88944970801995
33,"bbis",0.0166666666666667,17520,1,11,100,0,75,294.041728019714,4.15349489064049,2.10990890594757,-0.102822224292647,4.84465733464047
33,"euler",0.0166666666666667,17520,2,23,100,1,NA,0.250587940216064,2.34854646405151,1.05026872167585,-0.103636864013351,3.48908630854382
33,"bbis",0.0166666666666667,17520,2,23,100,0,53,186.62481713295,4.08870140732048,2.10379357695384,-0.101093401774492,4.86874045352684
33,"euler",0.0166666666666667,17520,6,71,100,1,NA,0.152495861053467,1.30041540387654,0.513928768314313,-0.103626746995369,2.87373909444609
33,"bbis",0.0166666666666667,17520,6,71,100,0,58,231.761749982834,3.68890504107898,1.89972528177714,-0.104000560211022,4.51947109867199
33,"euler",0.0166666666666667,17520,12,143,100,1,NA,0.203779935836792,0.975004245662301,0.378668403111909,-0.0985929756473998,2.45613325582721
33,"bbis",0.0166666666666667,17520,12,143,100,52,96,384.516574859619,3.37459073120286,1.64473598914866,-0.097436344063564,4.11864804976364
33,"euler",0.0166666666666667,17520,24,287,100,1,NA,0.188430070877075,0.576250064966682,0.0420661835746911,-0.0987971742069369,2.00086021911741
33,"bbis",0.0166666666666667,17520,24,287,100,0,66,263.931297063828,3.09062154825581,1.37804410975608,-0.105233452795079,2.69912674896063
34,"euler",0.0166666666666667,17520,0.5,5,100,1,NA,0.871750116348267,3.17468119840658,1.48865908943793,-0.108749235548517,4.41080166414272
34,"bbis",0.0166666666666667,17520,0.5,5,100,52,62,292.29731798172,4.09140338653295,2.01624667850773,-0.116376588864368,4.92576167909873
34,"euler",0.0166666666666667,17520,1,11,100,1,NA,0.480293035507202,2.74143427405563,1.22929181198029,-0.104667192884086,4.04556641662395
34,"bbis",0.0166666666666667,17520,1,11,100,0,47,199.09205198288,4.09246680512307,2.02963812508684,-0.115499838439557,4.90246237426507
34,"euler",0.0166666666666667,17520,2,23,100,1,NA,0.267476797103882,2.22847072190084,0.894402304885667,-0.0961567266718553,3.68950731152156
34,"bbis",0.0166666666666667,17520,2,23,100,0,38,141.787631034851,4.00130837364391,1.95041296599601,-0.108829051907268,4.96363574788572
34,"euler",0.0166666666666667,17520,6,71,100,1,NA,0.107141017913818,1.48507546317852,0.489865702726849,-0.0878274681735258,2.88682677860976
34,"bbis",0.0166666666666667,17520,6,71,100,52,168,662.4974360466,3.76206244722563,1.79039194422844,-0.106410380189764,4.67727108965438
34,"euler",0.0166666666666667,17520,12,143,100,1,NA,0.197787046432495,0.969647684785842,0.310915876623558,-0.0821302216899014,2.55660511378402
34,"bbis",0.0166666666666667,17520,12,143,100,52,67,266.724421977997,3.49298122696778,1.54417775629635,-0.102749592319418,4.34988509385104
34,"euler",0.0166666666666667,17520,24,287,100,1,NA,0.22483491897583,0.640225998528449,0.119445667752388,-0.0801169885178752,2.18950937234708
34,"bbis",0.0166666666666667,17520,24,287,100,0,87,329.793047189713,3.14377594893769,1.07978059192717,-0.0993963348630415,3.27411035600227
35,"euler",0.0166666666666667,17520,0.5,5,100,1,NA,0.87573504447937,3.3347143980854,1.48849365922781,-0.0891655300032942,4.33637597750699
35,"bbis",0.0166666666666667,17520,0.5,5,100,0,46,204.437798976898,4.17435740741046,2.0172377928382,-0.09428882431177,4.91771587703379
35,"euler",0.0166666666666667,17520,1,11,100,1,NA,0.457183837890625,2.99089857721333,1.30278313086981,-0.0880572544772789,3.91547219865064
35,"bbis",0.0166666666666667,17520,1,11,100,0,43,155.95267701149,4.14600254319288,2.04917162117806,-0.0960828880819292,4.82692359614022
35,"euler",0.0166666666666667,17520,2,23,100,1,NA,0.260403156280518,2.46104378305742,1.01607520210387,-0.0834523101694712,3.451084894477
35,"bbis",0.0166666666666667,17520,2,23,100,0,150,596.876428127289,4.08238647848605,2.08128944845987,-0.0963668978185353,4.77946831476505
35,"euler",0.0166666666666667,17520,6,71,100,1,NA,0.0955150127410889,1.57350192443795,0.635585702498112,-0.0786748050765724,2.70625738925091
35,"bbis",0.0166666666666667,17520,6,71,100,0,149,578.393756866455,3.81227955057242,1.94669314015875,-0.0976501151987018,4.39049199243032
35,"euler",0.0166666666666667,17520,12,143,100,1,NA,0.202771902084351,1.1717167005342,0.426160573630422,-0.0755549185686684,2.2065571913001
35,"bbis",0.0166666666666667,17520,12,143,100,52,155,617.501815080643,3.62997075597266,1.66890682568551,-0.0981087465090407,3.68726732706139
35,"euler",0.0166666666666667,17520,24,287,100,1,NA,0.20978307723999,0.681644685917761,0.19490348019627,-0.0690366297613703,1.88914456080236
35,"bbis",0.0166666666666667,17520,24,287,100,0,70,281.868699073792,3.11759533755294,1.38244594245367,-0.0888077578931652,2.34480062309151
36,"euler",0.0166666666666667,17520,0.5,5,100,1,NA,0.865588903427124,3.18052779629048,1.55473344354903,-0.103899983967145,4.41018254014643
36,"bbis",0.0166666666666667,17520,0.5,5,100,0,25,116.716433048248,4.04415386092622,2.09218364904589,-0.100873481481098,4.8996170456561
36,"euler",0.0166666666666667,17520,1,11,100,1,NA,0.486885070800781,2.83227276467365,1.3518507900302,-0.104877445843536,4.0779292091661
36,"bbis",0.0166666666666667,17520,1,11,100,0,40,169.796438932419,4.03927065233941,2.10703505320404,-0.103234247307717,4.91801839327935
36,"euler",0.0166666666666667,17520,2,23,100,1,NA,0.236524105072021,2.24396992655841,1.0035539999127,-0.10568153800726,3.71041127766092
36,"bbis",0.0166666666666667,17520,2,23,100,0,35,127.528090000153,4.0160669001521,2.10063875198892,-0.0985170839697008,4.98126236161976
36,"euler",0.0166666666666667,17520,6,71,100,1,NA,0.260648012161255,1.48241883173443,0.590942687806297,-0.107995349256172,2.94634920847456
36,"bbis",0.0166666666666667,17520,6,71,100,52,122,479.475197076797,3.79191556478072,1.90939623450844,-0.0984197588665535,4.58039470884942
36,"euler",0.0166666666666667,17520,12,143,100,1,NA,0.182698011398315,0.994345677184991,0.268669033442784,-0.10918335008216,2.38563286216648
36,"bbis",0.0166666666666667,17520,12,143,100,0,65,263.007927894592,3.3810450948067,1.77014011119887,-0.0971403665695593,3.59072632996638
36,"euler",0.0166666666666667,17520,24,287,100,1,NA,0.214485883712769,0.672587911880049,0.228503894606916,-0.102250083332111,2.05333492590843
36,"bbis",0.0166666666666667,17520,24,287,100,52,68,272.47595000267,3.0556346658028,1.51305298172754,-0.0864427582592304,2.98331449525195
37,"euler",0.0166666666666667,17520,0.5,5,100,1,NA,0.881503105163574,3.24458657406246,1.61025204692063,-0.0929335882090396,4.38124502958759
37,"bbis",0.0166666666666667,17520,0.5,5,100,0,24,111.896167039871,4.05482656155096,2.01223988149795,-0.0929296856539103,4.93512675669791
37,"euler",0.0166666666666667,17520,1,11,100,1,NA,0.470932006835938,2.81384751084958,1.333134317126,-0.0935921645720761,4.03123548396518
37,"bbis",0.0166666666666667,17520,1,11,100,52,69,289.619912147522,4.05147402222955,2.02550305973155,-0.0931419348887576,4.93568135235238
37,"euler",0.0166666666666667,17520,2,23,100,1,NA,0.255840063095093,2.269428489086,1.04769463951149,-0.0942643647539873,3.62370351915011
37,"bbis",0.0166666666666667,17520,2,23,100,0,46,180.817539215088,4.04904487771271,1.98754359414989,-0.0932636560184948,4.88655977641279
37,"euler",0.0166666666666667,17520,6,71,100,1,NA,0.141846895217896,1.40415214136846,0.567084690958865,-0.0915143706776538,3.00878045780509
37,"bbis",0.0166666666666667,17520,6,71,100,52,116,468.314539909363,3.81769750188951,1.83839605334621,-0.0985688628937968,4.45686070086421
37,"euler",0.0166666666666667,17520,12,143,100,1,NA,0.205320119857788,0.951552385015455,0.334569025356595,-0.0878857617869604,2.68046727134734
37,"bbis",0.0166666666666667,17520,12,143,100,0,107,423.315529108047,3.45928006428062,1.55231495858345,-0.0926607467687778,4.10912975557843
37,"euler",0.0166666666666667,17520,24,287,100,1,NA,0.292924165725708,0.612337683006095,0.22816796211297,-0.0892595438345572,2.36684278538411
37,"bbis",0.0166666666666667,17520,24,287,100,0,91,363.059453010559,2.92483371029019,1.34516823485616,-0.0921676250404769,3.45461299971592
38,"euler",0.0166666666666667,17520,0.5,5,100,1,NA,0.872681140899658,3.20102715310784,1.6220127482274,-0.103759369743197,4.35050524467391
38,"bbis",0.0166666666666667,17520,0.5,5,100,0,45,202.690382957458,4.05131597052043,2.1475461003406,-0.100424423915601,4.91479352588776
38,"euler",0.0166666666666667,17520,1,11,100,1,NA,0.51190710067749,2.81095890168257,1.38372118263805,-0.106017746508632,3.94678446320261
38,"bbis",0.0166666666666667,17520,1,11,100,52,56,236.930803060532,4.0484521595508,2.15099329068129,-0.0972372640253941,4.8520242581953
38,"euler",0.0166666666666667,17520,2,23,100,1,NA,0.268247842788696,2.23485996555956,1.03827915354123,-0.105505885895313,3.60088564104785
38,"bbis",0.0166666666666667,17520,2,23,100,0,56,222.761268854141,3.96531197888024,2.12920312616208,-0.102549787214461,4.91690499687611
38,"euler",0.0166666666666667,17520,6,71,100,1,NA,0.10880708694458,1.28715802560761,0.485015636855646,-0.103082290918165,2.92965963485664
38,"bbis",0.0166666666666667,17520,6,71,100,0,56,225.989301919937,3.527702435061,1.8887004158071,-0.110018512683795,4.49388497210737
38,"euler",0.0166666666666667,17520,12,143,100,1,NA,0.181311130523682,0.888475455020007,0.297550927910469,-0.100824140612093,2.47639331665467
38,"bbis",0.0166666666666667,17520,12,143,100,52,132,526.806622982025,3.29044028823095,1.72571906191118,-0.0831813918004812,3.98155098714627
38,"euler",0.0166666666666667,17520,24,287,100,1,NA,0.173364162445068,0.682426414444028,0.116079015226684,-0.102373096679332,2.09927667138065
38,"bbis",0.0166666666666667,17520,24,287,100,0,96,378.597093105316,3.01954945138356,1.45954258250538,-0.104319862295944,3.2554336619932
39,"euler",0.0166666666666667,17520,0.5,5,100,1,NA,0.866227865219116,3.28776867063185,1.47625141500581,-0.115759185179933,4.3351861522105
39,"bbis",0.0166666666666667,17520,0.5,5,100,52,87,406.451240062714,4.0955988565881,1.98115005541933,-0.115234893489746,4.85293879406494
39,"euler",0.0166666666666667,17520,1,11,100,1,NA,0.463364124298096,2.94371107547371,1.27194577176512,-0.1171520765675,3.97838484787083
39,"bbis",0.0166666666666667,17520,1,11,100,52,99,420.418846130371,4.13191864853231,2.0181209716338,-0.118122035704554,4.89685363472603
39,"euler",0.0166666666666667,17520,2,23,100,1,NA,0.343796014785767,2.44590543409128,0.997299218050482,-0.120023446444947,3.56727745502077
39,"bbis",0.0166666666666667,17520,2,23,100,0,82,327.941018104553,4.1034935135873,1.98659315372352,-0.12044396826531,4.83196722100914
39,"euler",0.0166666666666667,17520,6,71,100,1,NA,0.206807136535645,1.68973984424071,0.46524164415659,-0.120411492371653,2.78920582317937
39,"bbis",0.0166666666666667,17520,6,71,100,0,104,409.416265964508,3.83157782290378,1.85760873368494,-0.12380610375931,4.43327013184854
39,"euler",0.0166666666666667,17520,12,143,100,1,NA,0.203298091888428,1.14115611042694,0.260549982207088,-0.110519546556802,2.34101668307866
39,"bbis",0.0166666666666667,17520,12,143,100,0,116,463.048493862152,3.58323340808873,1.58048771777129,-0.119025227554586,3.90910494839038
39,"euler",0.0166666666666667,17520,24,287,100,1,NA,0.204961061477661,0.76885592071362,0.131036412562165,-0.101947164603401,1.8964197064239
39,"bbis",0.0166666666666667,17520,24,287,100,0,39,157.559910058975,3.11079581900943,1.25167128435822,-0.114436216152061,3.00801790426262
40,"euler",0.0166666666666667,17520,0.5,5,100,1,NA,0.872276067733765,3.38675169818802,1.71865463560949,-0.0975182181982394,4.32866683461368
40,"bbis",0.0166666666666667,17520,0.5,5,100,0,52,215.393790006638,4.17457232004466,2.19350577824278,-0.0911490565557921,4.86388186793917
40,"euler",0.0166666666666667,17520,1,11,100,1,NA,0.477349996566772,2.93511060934668,1.45199387256384,-0.102330932212149,4.00723574690659
40,"bbis",0.0166666666666667,17520,1,11,100,0,35,133.932765007019,4.14887822425425,2.20199009250374,-0.0916382952629747,4.92626462083307
40,"euler",0.0166666666666667,17520,2,23,100,1,NA,0.265762805938721,2.36719833799704,1.18750574679487,-0.107040649644597,3.56995845562306
40,"bbis",0.0166666666666667,17520,2,23,100,0,65,259.972992181778,4.06258993894292,2.18053969101366,-0.0930377839974585,4.82647606342114
40,"euler",0.0166666666666667,17520,6,71,100,1,NA,0.197546005249023,1.5123571076649,0.608097801994432,-0.109892758049421,2.91782018777626
40,"bbis",0.0166666666666667,17520,6,71,100,52,154,617.580308914185,3.8719744892745,2.06692145297949,-0.0906768924787588,4.53166444757938
40,"euler",0.0166666666666667,17520,12,143,100,1,NA,0.224754095077515,1.06749870911974,0.286749659885385,-0.114257588692567,2.50700587288231
40,"bbis",0.0166666666666667,17520,12,143,100,52,180,702.15127491951,3.45745736831222,1.77282510828711,-0.0978536523598275,4.20754793746877
40,"euler",0.0166666666666667,17520,24,287,100,1,NA,0.208799839019775,0.630648633935732,0.0505824703743932,-0.114008578647966,2.22319932427068
40,"bbis",0.0166666666666667,17520,24,287,100,0,104,408.026278972626,3.18817698230987,1.60935135879163,-0.105740553086445,2.89429695932094
41,"euler",0.0166666666666667,17520,0.5,5,100,1,NA,0.86905312538147,3.36495751490038,1.5953148537893,-0.085522776111249,4.33739175813546
41,"bbis",0.0166666666666667,17520,0.5,5,100,0,121,560.161329030991,4.16462121654701,2.09386103353227,-0.0859811457738539,4.89668394008511
41,"euler",0.0166666666666667,17520,1,11,100,1,NA,0.558642148971558,2.91037610064672,1.320160508003,-0.0855229011311439,3.9748006613546
41,"bbis",0.0166666666666667,17520,1,11,100,0,74,316.947282075882,4.1388925979437,2.08200764336457,-0.0853260397629107,4.92310760791141
41,"euler",0.0166666666666667,17520,2,23,100,1,NA,0.242902994155884,2.31842619509363,0.968845432310777,-0.0856991762159501,3.57081192242343
41,"bbis",0.0166666666666667,17520,2,23,100,0,54,217.602765083313,4.11705988362286,2.05539259824985,-0.0869925114921555,4.91425566641467
41,"euler",0.0166666666666667,17520,6,71,100,1,NA,0.142930030822754,1.45683355497336,0.580217319352737,-0.0802485156499816,2.87384603599782
41,"bbis",0.0166666666666667,17520,6,71,100,0,48,185.044070005417,3.85810139909747,1.94682647368463,-0.0750202460659139,4.36050031702918
41,"euler",0.0166666666666667,17520,12,143,100,1,NA,0.185080051422119,1.06790593990129,0.350815674153666,-0.0824858354416095,2.41497366204828
41,"bbis",0.0166666666666667,17520,12,143,100,0,27,109.766672849655,3.44234716245798,1.52559279603639,-0.0887381917958313,4.16024715722871
41,"euler",0.0166666666666667,17520,24,287,100,1,NA,0.174555063247681,0.701106904952436,0.263969537845707,-0.0778677386960157,2.01418407845851
41,"bbis",0.0166666666666667,17520,24,287,100,0,53,213.561022043228,3.06365322238118,1.21184336775754,-0.0762338491971426,2.8091064673954
42,"euler",0.0166666666666667,17520,0.5,5,100,1,NA,0.930203914642334,3.27642402534399,1.80921460331439,-0.0904218108049129,4.3541340773001
42,"bbis",0.0166666666666667,17520,0.5,5,100,0,96,445.931374073029,4.12654739518195,2.13738320327336,-0.100570977384421,4.88311727869902
42,"euler",0.0166666666666667,17520,1,11,100,1,NA,0.490792989730835,2.90290026807106,1.64735101214481,-0.0854307982053636,4.00787529946661
42,"bbis",0.0166666666666667,17520,1,11,100,52,76,311.076779842377,4.09935633910889,2.11631570389141,-0.0998421444479747,4.92949125929629
42,"euler",0.0166666666666667,17520,2,23,100,1,NA,0.311809062957764,2.32498749191667,1.46992095774044,-0.0773782909927861,3.56178140062228
42,"bbis",0.0166666666666667,17520,2,23,100,0,95,386.022905111313,4.04825559344463,2.08026247341597,-0.0990935689645029,4.80341239741575
42,"euler",0.0166666666666667,17520,6,71,100,1,NA,0.104655027389526,1.56626215976956,1.13973750422589,-0.0660873220008272,2.76604042270405
42,"bbis",0.0166666666666667,17520,6,71,100,0,47,179.661072969437,3.91180457213503,2.07303352470708,-0.0993984699410655,4.6383419142629
42,"euler",0.0166666666666667,17520,12,143,100,1,NA,0.229212045669556,1.14202537665197,0.895509526460232,-0.0620911842590056,2.21262029929234
42,"bbis",0.0166666666666667,17520,12,143,100,0,123,490.315958976746,3.46909385929915,1.94698452709787,-0.0975151956782603,3.94270396647201
42,"euler",0.0166666666666667,17520,24,287,100,1,NA,0.185870170593262,0.822846274157471,0.620714693134855,-0.0539573254386959,1.81803556811741
42,"bbis",0.0166666666666667,17520,24,287,100,52,157,616.357481956482,3.29600163761592,1.88807920356261,-0.0928784699927272,2.54858474204004
43,"euler",0.0166666666666667,17520,0.5,5,100,1,NA,0.872453927993774,3.3355406926058,1.62845403779929,-0.112322643640686,4.32292016352606
43,"bbis",0.0166666666666667,17520,0.5,5,100,52,59,215.604027032852,4.20174679420447,2.11549668961977,-0.111121130165284,4.87251156530454
43,"euler",0.0166666666666667,17520,1,11,100,1,NA,0.554903030395508,2.90964472641042,1.37561280950128,-0.114930180018333,3.93944450494865
43,"bbis",0.0166666666666667,17520,1,11,100,0,49,201.038051843643,4.21135059693271,2.11982919403717,-0.114054008432693,4.87177251426549
43,"euler",0.0166666666666667,17520,2,23,100,1,NA,0.234046936035156,2.33086867219039,1.07696169320504,-0.110927257393479,3.51881046074323
43,"bbis",0.0166666666666667,17520,2,23,100,0,94,378.265602827072,4.13190072238741,2.10789127205359,-0.105644393236194,4.76418002900434
43,"euler",0.0166666666666667,17520,6,71,100,1,NA,0.15320897102356,1.55350228564354,0.680074370063753,-0.110541562153853,2.80977243938101
43,"bbis",0.0166666666666667,17520,6,71,100,52,71,284.252439975739,3.98781890727771,2.04813926572507,-0.106833860076357,4.44686823335298
43,"euler",0.0166666666666667,17520,12,143,100,1,NA,0.187129974365234,1.11777407692717,0.537055884983033,-0.103377515084104,2.41344729846736
43,"bbis",0.0166666666666667,17520,12,143,100,52,179,704.030209779739,3.59346031289649,1.77969669420128,-0.0983127811046733,4.06862037654839
43,"euler",0.0166666666666667,17520,24,287,100,1,NA,0.184736967086792,0.770166445513393,0.323708510571212,-0.108820803649894,2.07644953563448
43,"bbis",0.0166666666666667,17520,24,287,100,0,64,256.617624998093,2.93193511148504,1.43814963821071,-0.106841711298113,2.868453215604
44,"euler",0.0166666666666667,17520,0.5,5,100,1,NA,0.864817142486572,3.20214389253969,1.50552701324303,-0.0916172763440764,4.42261108623619
44,"bbis",0.0166666666666667,17520,0.5,5,100,0,64,296.495644807816,4.05332598651957,2.04169585474231,-0.093032035233472,4.93032665420277
44,"euler",0.0166666666666667,17520,1,11,100,1,NA,0.511442184448242,2.77556591925229,1.23777342171286,-0.088189190316431,4.04192100638951
44,"bbis",0.0166666666666667,17520,1,11,100,0,60,253.465193033218,4.03936656151336,2.0187485439571,-0.0897874484989376,4.92380616307764
44,"euler",0.0166666666666667,17520,2,23,100,1,NA,0.246607065200806,2.30644019588326,0.901278271157801,-0.0870604631805345,3.59023841599197
44,"bbis",0.0166666666666667,17520,2,23,100,0,53,212.307590007782,3.94244016017267,1.94571563966442,-0.0904017795386987,4.74660558708661
44,"euler",0.0166666666666667,17520,6,71,100,1,NA,0.111370086669922,1.48353613010288,0.484160623247676,-0.0884529474810256,2.96949937129798
44,"bbis",0.0166666666666667,17520,6,71,100,52,180,699.416375875473,3.72214920380052,1.83356083974685,-0.0964151921874203,4.67819512789287
44,"euler",0.0166666666666667,17520,12,143,100,1,NA,0.183004856109619,1.08541666724008,0.336561647809135,-0.0855596688865018,2.4858397234931
44,"bbis",0.0166666666666667,17520,12,143,100,0,33,134.091115951538,3.48201208719684,1.78702231415075,-0.0836003772473987,3.63317189628536
44,"euler",0.0166666666666667,17520,24,287,100,1,NA,0.172569036483765,0.721638936804712,0.185996973797105,-0.0843568892638881,2.00921708921301
44,"bbis",0.0166666666666667,17520,24,287,100,52,77,281.341049909592,3.09841502007557,1.345337946568,-0.0920231344468449,3.26159820740152
45,"euler",0.0166666666666667,17520,0.5,5,100,1,NA,0.872802972793579,3.29347574465028,1.54626390403642,-0.0929500715984913,4.34567634320205
45,"bbis",0.0166666666666667,17520,0.5,5,100,0,26,122.580757856369,4.1498653097721,2.05353493285958,-0.0932517049196792,4.88482037378201
45,"euler",0.0166666666666667,17520,1,11,100,1,NA,0.478811025619507,2.87896717503151,1.29294963711133,-0.0939140386845511,4.01293183812623
45,"bbis",0.0166666666666667,17520,1,11,100,0,87,361.810272216797,4.14303085972848,2.04696907892255,-0.0973529209174407,4.97197258957151
45,"euler",0.0166666666666667,17520,2,23,100,1,NA,0.245641946792603,2.29293451650168,1.0037022005016,-0.0933381216192086,3.62322922463822
45,"bbis",0.0166666666666667,17520,2,23,100,0,60,240.343857049942,4.0751106130903,2.01835961406514,-0.0950522549896142,4.92422602902798
45,"euler",0.0166666666666667,17520,6,71,100,1,NA,0.131743907928467,1.43789427889036,0.488579927874938,-0.0891769688482768,2.91431668735399
45,"bbis",0.0166666666666667,17520,6,71,100,0,137,544.640650987625,3.90487974678779,1.86393995058762,-0.0983527892942779,4.74478177041492
45,"euler",0.0166666666666667,17520,12,143,100,1,NA,0.187765121459961,1.060019063429,0.230516509415606,-0.0836634560494508,2.39081976005835
45,"bbis",0.0166666666666667,17520,12,143,100,0,128,498.7369389534,3.63375706877174,1.68324210167133,-0.100492785261209,3.77016473593673
45,"euler",0.0166666666666667,17520,24,287,100,1,NA,0.183864116668701,0.686034015801124,0.000801438105139298,-0.0856456100825992,2.00775875204825
45,"bbis",0.0166666666666667,17520,24,287,100,52,141,551.89274096489,3.24215890621772,1.53504912818201,-0.0907707000424406,2.99298573487775
46,"euler",0.0166666666666667,17520,0.5,5,100,1,NA,0.86575198173523,3.26977470308973,1.45422890141042,-0.0895130583241189,4.36224906304742
46,"bbis",0.0166666666666667,17520,0.5,5,100,0,33,154.641176939011,4.15501024076376,1.93753774803195,-0.0851785696502155,4.90524863147535
46,"euler",0.0166666666666667,17520,1,11,100,1,NA,0.501529932022095,2.86080513570148,1.2296538317662,-0.0947450649706418,4.02240344491802
46,"bbis",0.0166666666666667,17520,1,11,100,0,48,206.639997005463,4.18616319245694,1.95330712112911,-0.0865947480872668,4.91475500840371
46,"euler",0.0166666666666667,17520,2,23,100,1,NA,0.270461082458496,2.35722332522987,0.931238188217978,-0.099297263222047,3.59327198377392
46,"bbis",0.0166666666666667,17520,2,23,100,52,114,458.268666982651,4.11535405292805,1.93672627175659,-0.0896037443747618,4.96517747763624
46,"euler",0.0166666666666667,17520,6,71,100,1,NA,0.120451211929321,1.40344108529888,0.430139389400761,-0.100364691345715,2.9624890985605
46,"bbis",0.0166666666666667,17520,6,71,100,0,97,386.976767063141,3.84066509297197,1.78228607288829,-0.0888565662214628,4.64625685711803
46,"euler",0.0166666666666667,17520,12,143,100,1,NA,0.203166007995605,1.00963312320006,0.244337302098819,-0.10644987605235,2.449856394326
46,"bbis",0.0166666666666667,17520,12,143,100,52,143,562.030222177505,3.47969920895489,1.50830418866057,-0.0883391373828271,3.92102929209301
46,"euler",0.0166666666666667,17520,24,287,100,1,NA,0.185911893844604,0.582537874747113,0.110587125709182,-0.104785595776643,2.12719347427206
46,"bbis",0.0166666666666667,17520,24,287,100,52,142,553.485106945038,3.10341240397095,1.28687562339014,-0.0939839832863553,2.92982475112784
47,"euler",0.0166666666666667,17520,0.5,5,100,1,NA,0.872400045394897,3.30963100467286,1.59534129712125,-0.102847318808084,4.36868034424906
47,"bbis",0.0166666666666667,17520,0.5,5,100,0,55,257.151702165604,4.12052116790049,2.06869473693694,-0.105982655916419,4.8917237632073
47,"euler",0.0166666666666667,17520,1,11,100,1,NA,0.48892617225647,2.87224852280497,1.36963824015017,-0.0997707361363198,4.05218964311383
47,"bbis",0.0166666666666667,17520,1,11,100,0,46,190.001468896866,4.08115862057084,2.07370421813515,-0.105779125210766,4.93281801963633
47,"euler",0.0166666666666667,17520,2,23,100,1,NA,0.267624855041504,2.37214958408781,1.06071024487248,-0.097779569749528,3.64040159299398
47,"bbis",0.0166666666666667,17520,2,23,100,0,119,478.979160070419,4.05599807743063,2.07015669329514,-0.104099498687461,4.91194439054374
47,"euler",0.0166666666666667,17520,6,71,100,1,NA,0.144361019134521,1.48799860179367,0.560882656948287,-0.0886434444729665,2.81486788220076
47,"bbis",0.0166666666666667,17520,6,71,100,0,47,190.259422063828,3.93034792860844,2.01449866753272,-0.101360645007812,4.6495658867302
47,"euler",0.0166666666666667,17520,12,143,100,1,NA,0.212747097015381,1.04653801898993,0.373209664110067,-0.0847794560630737,2.38758688421037
47,"bbis",0.0166666666666667,17520,12,143,100,52,91,366.775196075439,3.58684657971592,1.89200477055186,-0.0892882568802218,3.76582453016093
47,"euler",0.0166666666666667,17520,24,287,100,1,NA,0.177974939346313,0.836254128217879,0.314407379238648,-0.0830192980163281,1.95990666931612
47,"bbis",0.0166666666666667,17520,24,287,100,0,150,587.063874006271,3.07186271547177,1.58651832506187,-0.0849077312094275,2.55800008466279
48,"euler",0.0166666666666667,17520,0.5,5,100,1,NA,0.866255044937134,3.12634604159606,1.51149996965268,-0.0935375080635517,4.40510294753501
48,"bbis",0.0166666666666667,17520,0.5,5,100,0,54,254.157885074615,3.97729464390196,2.03217738451043,-0.0992314399834279,4.91513225049399
48,"euler",0.0166666666666667,17520,1,11,100,1,NA,0.483336925506592,2.76958452798293,1.28942720713497,-0.0900206209107162,4.06711903446596
48,"bbis",0.0166666666666667,17520,1,11,100,0,55,231.664792060852,3.98568580576617,2.03352600392908,-0.0987859724052724,4.95763990811472
48,"euler",0.0166666666666667,17520,2,23,100,1,NA,0.261233806610107,2.2543189490974,0.994582264940444,-0.0875370302921006,3.63733245413351
48,"bbis",0.0166666666666667,17520,2,23,100,0,77,291.595435142517,3.94478270779236,2.00998796672299,-0.101765792023286,4.83719697943641
48,"euler",0.0166666666666667,17520,6,71,100,1,NA,0.10447096824646,1.41268178741469,0.585137596020858,-0.0786813822059163,2.97787196291511
48,"bbis",0.0166666666666667,17520,6,71,100,0,39,156.568334102631,3.69870644862035,1.9194097505187,-0.0963288941732879,4.40119288479528
48,"euler",0.0166666666666667,17520,12,143,100,1,NA,0.199388980865479,0.833702639251678,0.291257358711824,-0.0776853690533845,2.5540639577193
48,"bbis",0.0166666666666667,17520,12,143,100,0,76,298.068145990372,3.44343338248969,1.65799330143669,-0.104250492008083,3.83039884371566
48,"euler",0.0166666666666667,17520,24,287,100,1,NA,0.181894063949585,0.608084887519858,0.161200635301491,-0.0742061889283403,2.11514767903347
48,"bbis",0.0166666666666667,17520,24,287,100,0,81,325.235247850418,3.08123277190117,1.48310550471088,-0.0891605464078903,2.89110487865647
49,"euler",0.0166666666666667,17520,0.5,5,100,1,NA,0.873978137969971,3.14925168599685,1.5051825186542,-0.100787218957347,4.41211873876321
49,"bbis",0.0166666666666667,17520,0.5,5,100,0,39,164.176765918732,4.03957935756582,2.04513776580405,-0.0973878662325592,4.91158595510556
49,"euler",0.0166666666666667,17520,1,11,100,1,NA,0.480291843414307,2.64210733661688,1.19925856945029,-0.103219926644461,4.13473751000456
49,"bbis",0.0166666666666667,17520,1,11,100,0,56,228.514312982559,4.04155777225602,2.06010456590727,-0.0961773941110762,4.97398102095677
49,"euler",0.0166666666666667,17520,2,23,100,1,NA,0.249258041381836,2.18658877352819,0.890534733074324,-0.10412404126473,3.68522180149467
49,"bbis",0.0166666666666667,17520,2,23,100,52,88,355.463114023209,3.97410235339636,2.00053295777181,-0.09721345318777,4.86879737888803
49,"euler",0.0166666666666667,17520,6,71,100,1,NA,0.178637027740479,1.2221856057785,0.451163145511437,-0.104713366803343,3.05615659842291
49,"bbis",0.0166666666666667,17520,6,71,100,0,46,183.381289958954,3.67698841285746,1.84267550683525,-0.101727931243908,4.81929702194202
49,"euler",0.0166666666666667,17520,12,143,100,1,NA,0.210830926895142,0.831393766938691,0.237122435871289,-0.106120765759929,2.71237164007509
49,"bbis",0.0166666666666667,17520,12,143,100,0,90,351.932353973389,3.37771081662545,1.65286204284404,-0.103028303869514,4.09509412304734
49,"euler",0.0166666666666667,17520,24,287,100,1,NA,0.196830034255981,0.434678002039026,0.0118519339001603,-0.105724451361704,2.34229234147497
49,"bbis",0.0166666666666667,17520,24,287,100,0,87,347.424744844437,2.89513373317962,1.47211471954201,-0.111831928053472,3.30745593304426
50,"euler",0.0166666666666667,17520,0.5,5,100,1,NA,0.865556001663208,3.28745093783546,1.48597632755364,-0.103201777972979,4.34444982853969
50,"bbis",0.0166666666666667,17520,0.5,5,100,0,42,199.189059972763,4.07647070666917,1.99188140139186,-0.109010800914449,4.88690453210627
50,"euler",0.0166666666666667,17520,1,11,100,1,NA,0.519293069839478,2.96368228944537,1.26106929233031,-0.100824968522315,3.98951120721094
50,"bbis",0.0166666666666667,17520,1,11,100,52,55,234.686392784119,4.07244280085278,1.99788794628043,-0.107940511739668,4.94671835771664
50,"euler",0.0166666666666667,17520,2,23,100,1,NA,0.274866819381714,2.49546348208622,0.975478324388597,-0.0969907067576528,3.51661958059554
50,"bbis",0.0166666666666667,17520,2,23,100,0,70,252.150735139847,4.02193621404745,1.97560182644133,-0.108347778781072,4.91538492749161
50,"euler",0.0166666666666667,17520,6,71,100,1,NA,0.137599945068359,1.55607141477954,0.541974483618044,-0.0863469112765635,2.81418620093889
50,"bbis",0.0166666666666667,17520,6,71,100,0,146,578.785614013672,3.72148683188756,1.72388133262539,-0.0974766939520407,4.71380448874436
50,"euler",0.0166666666666667,17520,12,143,100,1,NA,0.202680110931396,1.04924884366603,0.237575875622134,-0.0779420116311405,2.34876937654004
50,"bbis",0.0166666666666667,17520,12,143,100,0,101,399.034443855286,3.55437216234211,1.58952822708599,-0.0818730347308265,3.69379350125806
50,"euler",0.0166666666666667,17520,24,287,100,1,NA,0.188416004180908,0.72557527638265,0.149841567270239,-0.0734238158000323,1.868051916961
50,"bbis",0.0166666666666667,17520,24,287,100,52,94,372.420647859573,3.05600336476491,1.26322462646801,-0.0737429611735993,2.72812355226529
51,"euler",0.0166666666666667,17520,0.5,5,100,1,NA,0.870231866836548,3.23989024273215,1.53205027074948,-0.10203990139194,4.40118902879243
51,"bbis",0.0166666666666667,17520,0.5,5,100,0,41,193.415694952011,4.07905188536624,2.03934886523572,-0.100804938848906,4.93411175384638
51,"euler",0.0166666666666667,17520,1,11,100,1,NA,0.471337795257568,2.80914396729431,1.23647020142109,-0.103925746363308,4.01370033793644
51,"bbis",0.0166666666666667,17520,1,11,100,52,92,393.082345962524,4.10628428979857,2.04258843687513,-0.104866961625332,4.92136752791954
51,"euler",0.0166666666666667,17520,2,23,100,1,NA,0.340363025665283,2.29828108536155,0.916389442465725,-0.0994660884895035,3.64064671156921
51,"bbis",0.0166666666666667,17520,2,23,100,0,52,192.831640005112,4.07012342526407,2.02709362228383,-0.100260566788432,4.94797732681604
51,"euler",0.0166666666666667,17520,6,71,100,1,NA,0.113955974578857,1.4557044081199,0.449500197878554,-0.0992027256482215,3.01577132606768
51,"bbis",0.0166666666666667,17520,6,71,100,0,175,692.342988967896,3.76310205252676,1.83181991247255,-0.100867643118734,4.84896123347427
51,"euler",0.0166666666666667,17520,12,143,100,1,NA,0.22350287437439,0.906821197183964,0.158110242686614,-0.0933028269339572,2.57741089288415
51,"bbis",0.0166666666666667,17520,12,143,100,0,50,201.556874036789,3.36440063889442,1.56823936483415,-0.0978218786481351,4.56019270988749
51,"euler",0.0166666666666667,17520,24,287,100,1,NA,0.187725067138672,0.688908875865561,0.155290635829825,-0.0956342032370268,2.11456201098429
51,"bbis",0.0166666666666667,17520,24,287,100,52,67,269.359073162079,3.07375348565874,1.3694970625879,-0.0988161451972414,2.83846799097912
52,"euler",0.0166666666666667,17520,0.5,5,100,1,NA,0.861655950546265,3.32628181081261,1.56771887326835,-0.0983616565658328,4.38250001511658
52,"bbis",0.0166666666666667,17520,0.5,5,100,0,51,240.591508865356,4.12048928297607,2.10621617952491,-0.104060700998998,4.90153756845329
52,"euler",0.0166666666666667,17520,1,11,100,1,NA,0.531763076782227,2.91783038992994,1.35212013310113,-0.0978415452996671,4.03258835392637
52,"bbis",0.0166666666666667,17520,1,11,100,0,54,207.934104919434,4.09519646182646,2.1017902459703,-0.105337774840622,4.9075128602648
52,"euler",0.0166666666666667,17520,2,23,100,1,NA,0.264586925506592,2.46533070221095,1.08745529010004,-0.0942819524525488,3.6163933130667
52,"bbis",0.0166666666666667,17520,2,23,100,0,67,267.963908910751,4.12449098886775,2.11053252753821,-0.102805066669606,4.99253977129926
52,"euler",0.0166666666666667,17520,6,71,100,1,NA,0.121634006500244,1.53023929906121,0.578770017623606,-0.0827443917625846,2.93691398074124
52,"bbis",0.0166666666666667,17520,6,71,100,52,167,664.038295984268,3.94409153407213,2.05117899769179,-0.0992764808212433,4.70005154028865
52,"euler",0.0166666666666667,17520,12,143,100,1,NA,0.0422530174255371,1.0836699159554,0.441084505277483,-0.0804606803666463,2.39420172876679
52,"bbis",0.0166666666666667,17520,12,143,100,0,145,554.622230052948,3.7200257341718,1.71772665648559,-0.102533338245112,3.70679829722242
52,"euler",0.0166666666666667,17520,24,287,100,1,NA,0.18560791015625,0.719642527653105,0.316928409382179,-0.077492833812307,1.99049381273388
52,"bbis",0.0166666666666667,17520,24,287,100,0,149,589.360223054886,3.2647553865701,1.5610669649292,-0.0941590007638441,2.80269405308221
53,"euler",0.0166666666666667,17520,0.5,5,100,1,NA,0.863552093505859,3.27555668223284,1.64969058111892,-0.101979083245885,4.37672646056447
53,"bbis",0.0166666666666667,17520,0.5,5,100,0,70,286.621103048325,4.08814869893126,2.13559492622155,-0.105074486303563,4.91440379382898
53,"euler",0.0166666666666667,17520,1,11,100,1,NA,0.555849075317383,2.85385518481886,1.4438576128756,-0.101680205138127,3.97239667200512
53,"bbis",0.0166666666666667,17520,1,11,100,0,51,200.21658706665,4.08685360337389,2.12904368461917,-0.105578562204359,4.88467001663398
53,"euler",0.0166666666666667,17520,2,23,100,1,NA,0.259971141815186,2.35637835507428,1.14715051158054,-0.101711530307403,3.49215422394186
53,"bbis",0.0166666666666667,17520,2,23,100,0,64,258.399823904037,4.06734724438258,2.18098442822919,-0.106835298913035,4.70663807476303
53,"euler",0.0166666666666667,17520,6,71,100,1,NA,0.112793207168579,1.52138377858702,0.617837049543848,-0.0905995288791683,2.76729230255941
53,"bbis",0.0166666666666667,17520,6,71,100,0,41,168.045367002487,3.95399506162565,2.09807822915771,-0.0999794161889794,4.29264142798716
53,"euler",0.0166666666666667,17520,12,143,100,1,NA,0.194058179855347,1.10574926157027,0.365053882328894,-0.0850894641356215,2.33339104611254
53,"bbis",0.0166666666666667,17520,12,143,100,0,68,270.897422075272,3.52563682261143,1.7904586532008,-0.108739234724361,3.6498110962394
53,"euler",0.0166666666666667,17520,24,287,100,1,NA,0.191120862960815,0.799586697212472,0.301917171246677,-0.0864754421087649,1.94416617719497
53,"bbis",0.0166666666666667,17520,24,287,100,0,53,215.633814096451,3.09350998381338,1.44237658863882,-0.0935545836691687,3.29682466324668
54,"euler",0.0166666666666667,17520,0.5,5,100,1,NA,0.933722019195557,3.31586010920556,1.48618311005849,-0.100653035990099,4.32825422729409
54,"bbis",0.0166666666666667,17520,0.5,5,100,0,49,229.145588159561,4.12432666255543,2.04889532406805,-0.103009573973653,4.87022924145312
54,"euler",0.0166666666666667,17520,1,11,100,1,NA,0.479366064071655,2.96991290686176,1.25648532357723,-0.100198044847523,3.97567737182447
54,"bbis",0.0166666666666667,17520,1,11,100,0,25,105.617203950882,4.10951482622252,2.05415486910875,-0.102152100217096,4.92535663995908
54,"euler",0.0166666666666667,17520,2,23,100,1,NA,0.268686056137085,2.44612310397448,0.946763097008028,-0.0969324533135842,3.5488109460088
54,"bbis",0.0166666666666667,17520,2,23,100,52,79,314.791873931885,4.0809855816907,2.07201317594208,-0.102067161625627,4.89165138032325
54,"euler",0.0166666666666667,17520,6,71,100,1,NA,0.105876922607422,1.53292481345024,0.561589905983162,-0.0879751792361412,2.81498109680623
54,"bbis",0.0166666666666667,17520,6,71,100,52,184,727.929677963257,3.88415610302353,1.89701939562809,-0.0938384791793924,4.6877568246653
54,"euler",0.0166666666666667,17520,12,143,100,1,NA,0.118818998336792,0.94297528736801,0.280237320483462,-0.085889092128395,2.3793741611815
54,"bbis",0.0166666666666667,17520,12,143,100,0,127,502.877269029617,3.50952157173193,1.67807062854873,-0.102222484732542,3.45202247993696
54,"euler",0.0166666666666667,17520,24,287,100,1,NA,0.184983968734741,0.670927567258761,0.0673596439086568,-0.0864025658101168,2.02660523851098
54,"bbis",0.0166666666666667,17520,24,287,100,0,77,282.327903032303,3.27357589319952,1.53583818816307,-0.104981913435313,2.74503054302363
55,"euler",0.0166666666666667,17520,0.5,5,100,1,NA,0.86621904373169,3.25746884402017,1.61377611252329,-0.0979668852734242,4.29063332522296
55,"bbis",0.0166666666666667,17520,0.5,5,100,0,48,229.185663938522,4.09121622911068,2.12086856009005,-0.09938449434988,4.81494855765552
55,"euler",0.0166666666666667,17520,1,11,100,1,NA,0.498561143875122,2.90146300478789,1.41393955808988,-0.0986194744453332,3.947221719219
55,"bbis",0.0166666666666667,17520,1,11,100,0,83,352.765448093414,4.0856851916919,2.12613640326755,-0.0994357418983058,4.87536130609333
55,"euler",0.0166666666666667,17520,2,23,100,1,NA,0.251504898071289,2.39865825882574,1.06776377169282,-0.0998139327028599,3.51927129627901
55,"bbis",0.0166666666666667,17520,2,23,100,0,60,210.234653949738,4.00026648963511,2.07327803554317,-0.103115373798671,4.81493891260969
55,"euler",0.0166666666666667,17520,6,71,100,1,NA,0.10873007774353,1.5082370521882,0.56550060248677,-0.0950139890727655,2.87012908280754
55,"bbis",0.0166666666666667,17520,6,71,100,0,63,250.989500045776,3.81670021253226,2.0602203029311,-0.0943798549862757,4.58108241439361
55,"euler",0.0166666666666667,17520,12,143,100,1,NA,0.210113048553467,0.993430341547492,0.264948055363379,-0.0938393473631761,2.53855443459533
55,"bbis",0.0166666666666667,17520,12,143,100,0,32,128.087108850479,3.47581801520303,1.70155823493335,-0.0942762915480614,3.92710341548495
55,"euler",0.0166666666666667,17520,24,287,100,1,NA,0.165916919708252,0.564801136050489,0.0455116872938661,-0.0889438292793889,2.2790296008092
55,"bbis",0.0166666666666667,17520,24,287,100,0,38,154.601119041443,2.9316591811345,1.48522017221521,-0.0853587969492315,3.63438561059091
56,"euler",0.0166666666666667,17520,0.5,5,100,1,NA,0.872348785400391,3.30029435910007,1.59790004079562,-0.105823687444805,4.35889795063159
56,"bbis",0.0166666666666667,17520,0.5,5,100,0,32,148.635915994644,4.07671466940798,2.05273990416601,-0.103590510501056,4.89006267628752
56,"euler",0.0166666666666667,17520,1,11,100,1,NA,0.473233938217163,2.91061188222146,1.31043613249198,-0.109243952759139,4.01348676336698
56,"bbis",0.0166666666666667,17520,1,11,100,52,68,289.757518053055,4.06755139619501,2.05584662172089,-0.106005954096252,4.93829452611987
56,"euler",0.0166666666666667,17520,2,23,100,1,NA,0.251637935638428,2.35096248200602,0.985264044550614,-0.109955300376269,3.58584504786031
56,"bbis",0.0166666666666667,17520,2,23,100,52,56,225.881988048553,4.04163448159666,1.99291025571496,-0.102625467447803,4.90064839667871
56,"euler",0.0166666666666667,17520,6,71,100,1,NA,0.127633094787598,1.38791193794112,0.438098710010691,-0.113001219632281,2.84433523581164
56,"bbis",0.0166666666666667,17520,6,71,100,52,134,529.275812149048,3.72259344161166,1.78510005338815,-0.112579827583989,4.35321056965528
56,"euler",0.0166666666666667,17520,12,143,100,1,NA,0.189898014068604,1.02608121386078,0.184064982228001,-0.119284648248497,2.39245615872446
56,"bbis",0.0166666666666667,17520,12,143,100,0,40,162.58522605896,3.34820310117519,1.57397437710852,-0.113750109683867,3.63887664993091
56,"euler",0.0166666666666667,17520,24,287,100,1,NA,0.182492017745972,0.756209211188636,0.00336186851362579,-0.118889994095084,1.94064802688138
56,"bbis",0.0166666666666667,17520,24,287,100,0,64,258.279401063919,3.28054632211764,1.46703052507784,-0.10942618732528,3.1976249519594
57,"euler",0.0166666666666667,17520,0.5,5,100,1,NA,0.86432409286499,3.38584348125969,1.59420185016432,-0.106430256617988,4.30949333358
57,"bbis",0.0166666666666667,17520,0.5,5,100,0,52,244.758374214172,4.24196896590115,2.03718229290935,-0.108590892091025,4.86699442298295
57,"euler",0.0166666666666667,17520,1,11,100,1,NA,0.49438214302063,2.93530925806098,1.34735885030035,-0.104841159417397,3.96168549881822
57,"bbis",0.0166666666666667,17520,1,11,100,0,32,132.76057600975,4.19104571639601,2.04434696791365,-0.106806155254275,4.89286411684152
57,"euler",0.0166666666666667,17520,2,23,100,1,NA,0.26230788230896,2.35011933032685,1.00528604613638,-0.101413283520615,3.53646479194462
57,"bbis",0.0166666666666667,17520,2,23,100,0,109,428.326366186142,4.11029303411084,2.02885290939695,-0.109375937594953,4.9229285776349
57,"euler",0.0166666666666667,17520,6,71,100,1,NA,0.136312007904053,1.4711769525414,0.559293133279402,-0.0980793948500642,2.76891984663521
57,"bbis",0.0166666666666667,17520,6,71,100,0,76,307.098071813583,3.89613980115887,1.86042023413078,-0.114499717834509,4.44249708182526
57,"euler",0.0166666666666667,17520,12,143,100,1,NA,0.206995010375977,1.04497542698456,0.362684129477583,-0.0915883230267069,2.35032405522687
57,"bbis",0.0166666666666667,17520,12,143,100,0,95,378.434825897217,3.63748098727632,1.73840787814013,-0.103489922808056,3.67374072370286
57,"euler",0.0166666666666667,17520,24,287,100,1,NA,0.181046009063721,0.733019866318322,0.164390469064827,-0.0899775150356357,1.97090674490864
57,"bbis",0.0166666666666667,17520,24,287,100,0,210,820.341742038727,3.19638360954102,1.61166599170795,-0.0983057670643652,2.85885453354906
58,"euler",0.0166666666666667,17520,0.5,5,100,1,NA,0.86874508857727,3.29700711585406,1.66426143886291,-0.0965853834048633,4.36930847270967
58,"bbis",0.0166666666666667,17520,0.5,5,100,0,31,146.964137077332,4.13202073702121,2.14614618594397,-0.101356270522469,4.92789787662179
58,"euler",0.0166666666666667,17520,1,11,100,1,NA,0.479270935058594,2.92003230535532,1.45708244289757,-0.0964506867285751,3.99709005886057
58,"bbis",0.0166666666666667,17520,1,11,100,0,70,295.237977027893,4.09866466261181,2.14181546607841,-0.102200382556577,4.9266428046646
58,"euler",0.0166666666666667,17520,2,23,100,1,NA,0.244397878646851,2.38839684083171,1.16614423489882,-0.094477036047893,3.55163593734599
58,"bbis",0.0166666666666667,17520,2,23,100,0,90,358.507567167282,4.08577110632133,2.19001514435969,-0.1016453882131,4.91239924383293
58,"euler",0.0166666666666667,17520,6,71,100,1,NA,0.141520023345947,1.5973359891454,0.766725231554399,-0.0841248308530502,2.84330885790503
58,"bbis",0.0166666666666667,17520,6,71,100,0,53,215.195557832718,3.95703518634815,2.08366576932171,-0.0970046270484663,4.41455458406198
58,"euler",0.0166666666666667,17520,12,143,100,1,NA,0.22054386138916,1.05694546462612,0.490776051684132,-0.0802955422842677,2.36075857078013
58,"bbis",0.0166666666666667,17520,12,143,100,0,35,142.058192014694,3.50942906364304,1.79882874207428,-0.0982763877626412,3.75342169627661
58,"euler",0.0166666666666667,17520,24,287,100,1,NA,0.178386926651001,0.62768399589621,0.20652113506985,-0.0732344816655989,2.0319936711778
58,"bbis",0.0166666666666667,17520,24,287,100,0,187,725.304618835449,3.1692408945169,1.34193642697485,-0.0842815730763576,2.49946287554298
59,"euler",0.0166666666666667,17520,0.5,5,100,1,NA,0.874639987945557,3.29071070409737,1.61369331737878,-0.106186036552459,4.4019070519525
59,"bbis",0.0166666666666667,17520,0.5,5,100,0,83,386.81174492836,4.10395036442792,2.08476518851463,-0.104493860221996,4.93097784730124
59,"euler",0.0166666666666667,17520,1,11,100,1,NA,0.484456062316895,2.83086552148067,1.37219971819423,-0.106254445182494,4.03476143023093
59,"bbis",0.0166666666666667,17520,1,11,100,0,46,195.980968952179,4.10948503168951,2.09361289355583,-0.106246139107514,4.8844045669023
59,"euler",0.0166666666666667,17520,2,23,100,1,NA,0.235775947570801,2.2978035197554,1.08676998812259,-0.103509244887965,3.62165247750899
59,"bbis",0.0166666666666667,17520,2,23,100,0,51,194.55629992485,4.0657004129742,2.06377862190847,-0.104228420413377,4.83899940228623
59,"euler",0.0166666666666667,17520,6,71,100,1,NA,0.125349998474121,1.38997659360091,0.541208863218603,-0.0953719282305506,2.99045704163813
59,"bbis",0.0166666666666667,17520,6,71,100,52,97,389.210984945297,3.90738774540726,1.94648193418479,-0.0988904113417142,4.75906400215055
59,"euler",0.0166666666666667,17520,12,143,100,1,NA,0.18416690826416,1.02693384881975,0.351246061294008,-0.0923575386480401,2.57282858231252
59,"bbis",0.0166666666666667,17520,12,143,100,0,42,165.8372797966,3.33689199364993,1.74723094655677,-0.0906792053398482,4.41324474076976
59,"euler",0.0166666666666667,17520,24,287,100,1,NA,0.18165397644043,0.617346495491107,0.124989466781116,-0.0921681800212222,2.09660937710708
59,"bbis",0.0166666666666667,17520,24,287,100,0,272,1032.97562098503,3.20283862183162,1.51835819448843,-0.0859796531226572,2.58838713533358
60,"euler",0.0166666666666667,17520,0.5,5,100,1,NA,0.865283012390137,3.23529716730471,1.53635076266312,-0.0950516852141087,4.39917367921496
60,"bbis",0.0166666666666667,17520,0.5,5,100,52,132,604.839335918427,4.14274467669017,2.10570369962198,-0.0967296055326748,4.91170517632065
60,"euler",0.0166666666666667,17520,1,11,100,1,NA,0.500668048858643,2.76797979547156,1.25108498100413,-0.0929230291599032,4.0458291411983
60,"bbis",0.0166666666666667,17520,1,11,100,0,32,119.092031955719,4.16056414207217,2.11604889009622,-0.094913691202264,4.85430792259034
60,"euler",0.0166666666666667,17520,2,23,100,1,NA,0.262293100357056,2.20716803561679,0.968273403174406,-0.0915145169479996,3.65761727584627
60,"bbis",0.0166666666666667,17520,2,23,100,0,74,292.80361199379,4.08409942639267,2.10233598986092,-0.092837726349556,4.89166571407015
60,"euler",0.0166666666666667,17520,6,71,100,1,NA,0.144731044769287,1.32820983991152,0.476037745728665,-0.0903990634867467,3.02066956888568
60,"bbis",0.0166666666666667,17520,6,71,100,0,41,167.218588829041,4.01771863460733,1.99328984225553,-0.0948492330694099,4.40430538691257
60,"euler",0.0166666666666667,17520,12,143,100,1,NA,0.215498924255371,0.948831428801439,0.404114741681726,-0.0885782521978277,2.58009111600942
60,"bbis",0.0166666666666667,17520,12,143,100,0,177,696.790814876556,3.45142230539874,1.66777362331794,-0.0886895694841231,3.65578725296251
60,"euler",0.0166666666666667,17520,24,287,100,1,NA,0.182358980178833,0.586955760245507,0.165779114139465,-0.082484226242824,2.18090485100431
60,"bbis",0.0166666666666667,17520,24,287,100,52,73,289.536673069,3.13154547946449,1.49391281183882,-0.0809600687921695,2.77512909131605
61,"euler",0.0166666666666667,17520,0.5,5,100,1,NA,0.876741886138916,3.2656371291048,1.58274686180144,-0.106785848457763,4.36898535151178
61,"bbis",0.0166666666666667,17520,0.5,5,100,0,32,150.567187070847,4.14360314228716,2.06191451550461,-0.103322693219811,4.89830110336053
61,"euler",0.0166666666666667,17520,1,11,100,1,NA,0.557111024856567,2.76370879593487,1.35622928278913,-0.112249015510496,4.03632129958957
61,"bbis",0.0166666666666667,17520,1,11,100,0,55,234.20420384407,4.16424836963396,2.07460106467091,-0.106940377216042,4.95308005901562
61,"euler",0.0166666666666667,17520,2,23,100,1,NA,0.247397184371948,2.26709861560311,1.05959471836174,-0.11388862555794,3.61175363414203
61,"bbis",0.0166666666666667,17520,2,23,100,0,84,338.234857082367,4.09794491842973,2.08954209827863,-0.106961727791677,4.93794771347754
61,"euler",0.0166666666666667,17520,6,71,100,1,NA,0.12301778793335,1.42504400296107,0.641223034002541,-0.114542665465343,2.81596614546003
61,"bbis",0.0166666666666667,17520,6,71,100,0,48,189.894896030426,3.94964345475309,2.023690495546,-0.114263667791244,4.48255641624029
61,"euler",0.0166666666666667,17520,12,143,100,1,NA,0.196130990982056,0.917101008045985,0.413291429632885,-0.102793509524104,2.47975209666752
61,"bbis",0.0166666666666667,17520,12,143,100,0,79,318.921319961548,3.48033575032495,1.68916940217285,-0.105612950004665,3.86121728472604
61,"euler",0.0166666666666667,17520,24,287,100,1,NA,0.210975885391235,0.634772001858837,0.239992245240962,-0.10241800913786,2.0431087096714
61,"bbis",0.0166666666666667,17520,24,287,100,0,61,244.861815929413,3.10063241887559,1.68094885935383,-0.100951237359836,3.01527659209821
62,"euler",0.0166666666666667,17520,0.5,5,100,1,NA,0.934422969818115,3.2440011152743,1.52454883539422,-0.090220643352616,4.32713509426954
62,"bbis",0.0166666666666667,17520,0.5,5,100,0,47,220.867061138153,4.12486573905454,2.01752036471306,-0.0930752397688983,4.86761283169461
62,"euler",0.0166666666666667,17520,1,11,100,1,NA,0.485995054244995,2.91252903573157,1.36708906041932,-0.0908164500367167,3.94610353668797
62,"bbis",0.0166666666666667,17520,1,11,100,0,67,284.563321113586,4.11981083471336,2.02071758860745,-0.0931329281936692,4.8648798209792
62,"euler",0.0166666666666667,17520,2,23,100,1,NA,0.270113945007324,2.40896950551898,1.07128330208051,-0.0857784071526081,3.49598702174839
62,"bbis",0.0166666666666667,17520,2,23,100,0,86,346.58008813858,4.13934204014619,2.05124990779349,-0.0923703424009135,4.83073672655332
62,"euler",0.0166666666666667,17520,6,71,100,1,NA,0.121248006820679,1.50215984242157,0.623347632852221,-0.0842927850020269,2.78796077837593
62,"bbis",0.0166666666666667,17520,6,71,100,0,92,309.031553030014,3.90992185098524,1.93657165155494,-0.0933956247528518,4.24664338694194
62,"euler",0.0166666666666667,17520,12,143,100,1,NA,0.219841957092285,1.11801432109614,0.294347855753245,-0.0762504703824124,2.34412533930386
62,"bbis",0.0166666666666667,17520,12,143,100,52,72,288.686344146729,3.49087390802358,1.70242780794021,-0.0853461375879459,4.07554788235386
62,"euler",0.0166666666666667,17520,24,287,100,1,NA,0.1826491355896,0.758198123208832,0.164838656974748,-0.0700513330692981,1.85857211191737
62,"bbis",0.0166666666666667,17520,24,287,100,0,42,164.925452947617,3.25768731985944,1.48644900334167,-0.0793006567949126,2.58906588665749
63,"euler",0.0166666666666667,17520,0.5,5,100,1,NA,0.87065601348877,3.24523089576842,1.53052086191901,-0.0892951742892457,4.30708738047923
63,"bbis",0.0166666666666667,17520,0.5,5,100,0,36,144.511384010315,4.07090479970406,2.04168695846555,-0.0895975266638441,4.86548275948624
63,"euler",0.0166666666666667,17520,1,11,100,1,NA,0.557354927062988,2.79301509157404,1.19126056848413,-0.0871211440783786,3.93196291634253
63,"bbis",0.0166666666666667,17520,1,11,100,52,99,419.363214015961,4.01774043182349,2.01954332998675,-0.0839598155027276,4.84969246588956
63,"euler",0.0166666666666667,17520,2,23,100,1,NA,0.262081146240234,2.30801633896408,0.966758816251907,-0.086328834065253,3.523299823623
63,"bbis",0.0166666666666667,17520,2,23,100,0,46,188.247920036316,4.02032805721684,2.04273840803139,-0.087469522257703,4.87906713833911
63,"euler",0.0166666666666667,17520,6,71,100,1,NA,0.149483203887939,1.30967797384823,0.401005483184271,-0.0796140594444428,2.81184670795577
63,"bbis",0.0166666666666667,17520,6,71,100,0,71,280.637861967087,3.81237156867816,1.88069762674226,-0.094614386367476,4.52666831038315
63,"euler",0.0166666666666667,17520,12,143,100,1,NA,0.201726913452148,0.90546872767857,0.178578382997553,-0.0803437371036088,2.45084236222993
63,"bbis",0.0166666666666667,17520,12,143,100,0,91,363.803328037262,3.48683868661707,1.74095626398395,-0.0916514064954426,3.76010830741667
63,"euler",0.0166666666666667,17520,24,287,100,1,NA,0.203662872314453,0.645108551456418,0.182808482116296,-0.0824245788005847,1.8968194032894
63,"bbis",0.0166666666666667,17520,24,287,100,0,107,418.23245215416,3.09415064677105,1.53646766479071,-0.0882763712954399,2.90649943189742
64,"euler",0.0166666666666667,17520,0.5,5,100,1,NA,0.921905994415283,3.33839782313499,1.53337892742466,-0.0998679228825646,4.31851943641883
64,"bbis",0.0166666666666667,17520,0.5,5,100,0,40,188.911442995071,4.11423216343883,1.98743751885544,-0.103983878959939,4.84028629969348
64,"euler",0.0166666666666667,17520,1,11,100,1,NA,0.491468906402588,2.94778348747714,1.3103848946255,-0.0990454113642257,3.96310335607385
64,"bbis",0.0166666666666667,17520,1,11,100,0,121,507.275788068771,4.07938263350378,1.94023793582671,-0.103164183711979,4.85041133789665
64,"euler",0.0166666666666667,17520,2,23,100,1,NA,0.259538888931274,2.45048341433531,0.944673520117292,-0.0974355842795814,3.47861702398286
64,"bbis",0.0166666666666667,17520,2,23,100,0,45,183.605088949203,4.0924975599876,1.96087187150518,-0.105293098334787,4.79870347237551
64,"euler",0.0166666666666667,17520,6,71,100,1,NA,0.15102219581604,1.62779754868178,0.520761181639276,-0.0887569309043035,2.7670670130704
64,"bbis",0.0166666666666667,17520,6,71,100,0,62,247.583884000778,3.8815439335819,1.85968537574774,-0.106136849775226,4.29278014409808
64,"euler",0.0166666666666667,17520,12,143,100,1,NA,0.20877194404602,1.11109962724697,0.299448971600185,-0.0850895113934685,2.34832550353236
64,"bbis",0.0166666666666667,17520,12,143,100,52,93,363.387263059616,3.62572092552958,1.61090426735216,-0.0991268988318893,4.01889188452307
64,"euler",0.0166666666666667,17520,24,287,100,1,NA,0.194977045059204,0.792112917382742,0.155167376845526,-0.0822554396642257,1.91880985795522
64,"bbis",0.0166666666666667,17520,24,287,100,52,141,552.31794500351,3.30118138347759,1.39649993366238,-0.105726538264108,2.83035668757174
65,"euler",0.0166666666666667,17520,0.5,5,100,1,NA,0.870480060577393,3.27485237733497,1.58748252223129,-0.105369099271533,4.36050947400695
65,"bbis",0.0166666666666667,17520,0.5,5,100,0,33,145.261394023895,4.11282278427544,2.00114368206948,-0.110058545809378,4.87873178404888
65,"euler",0.0166666666666667,17520,1,11,100,1,NA,0.466647863388062,2.87636270457813,1.30610914920957,-0.103504853074585,4.04265361875649
65,"bbis",0.0166666666666667,17520,1,11,100,0,31,127.769073963165,4.12044395217082,1.99984275675314,-0.110344517319888,4.95669920508078
65,"euler",0.0166666666666667,17520,2,23,100,1,NA,0.2535240650177,2.35870827230432,1.04003424760223,-0.0995168355638728,3.65526330926741
65,"bbis",0.0166666666666667,17520,2,23,100,0,73,296.952584028244,4.07885025711389,2.00306854382321,-0.112517027824593,4.9338647696256
65,"euler",0.0166666666666667,17520,6,71,100,1,NA,0.145165920257568,1.44755981310225,0.508095619714766,-0.0937334991986671,2.96188332807455
65,"bbis",0.0166666666666667,17520,6,71,100,0,127,501.617025136948,3.80019521453745,1.74353535542058,-0.108926404752437,4.41180511559641
65,"euler",0.0166666666666667,17520,12,143,100,1,NA,0.227356910705566,1.08976680665115,0.32873779378115,-0.0862129166936322,2.47177809793689
65,"bbis",0.0166666666666667,17520,12,143,100,0,95,374.746408939362,3.3943603219693,1.5989633704931,-0.0979027347304854,3.94535146216719
65,"euler",0.0166666666666667,17520,24,287,100,1,NA,0.191082954406738,0.719088081614841,0.176441891194251,-0.0839789464129192,2.21483246099103
65,"bbis",0.0166666666666667,17520,24,287,100,52,102,402.344578027725,2.91862617132476,1.2642777248259,-0.0902620704800863,3.51014498955611
66,"euler",0.0166666666666667,17520,0.5,5,100,1,NA,0.864959955215454,3.27904935778576,1.45773476816571,-0.107281904788225,4.31176959736194
66,"bbis",0.0166666666666667,17520,0.5,5,100,52,58,250.103464126587,4.03268471547768,1.98936944501591,-0.115919749507258,4.88192272574405
66,"euler",0.0166666666666667,17520,1,11,100,1,NA,0.454857110977173,2.94289868046886,1.25764934307443,-0.102454001151717,3.9115457792291
66,"bbis",0.0166666666666667,17520,1,11,100,52,105,443.810193061829,4.0512797602216,2.01425347786141,-0.11506749342079,4.88515515257334
66,"euler",0.0166666666666667,17520,2,23,100,1,NA,0.262663125991821,2.49014571762158,1.04553349578609,-0.099366955711598,3.43855932425556
66,"bbis",0.0166666666666667,17520,2,23,100,0,69,276.538707017899,4.01252923289441,1.97335114942399,-0.114637774594674,4.84033059988768
66,"euler",0.0166666666666667,17520,6,71,100,1,NA,0.149245977401733,1.57073349111688,0.505133429757369,-0.0853454186208143,2.71107685620102
66,"bbis",0.0166666666666667,17520,6,71,100,0,85,341.945412874222,3.8386440454685,1.82162066259502,-0.106043213373943,4.58801019040379
66,"euler",0.0166666666666667,17520,12,143,100,1,NA,0.201176881790161,1.07444011837483,0.411623880236259,-0.0829167907273419,2.26150301178772
66,"bbis",0.0166666666666667,17520,12,143,100,0,95,378.186650037766,3.53045945869166,1.54755115436302,-0.100911660375863,3.79097933914175
66,"euler",0.0166666666666667,17520,24,287,100,1,NA,0.198235988616943,0.723440945254713,0.265516460954838,-0.0788248456421117,1.92667048175541
66,"bbis",0.0166666666666667,17520,24,287,100,0,144,552.7887840271,2.9832465965974,1.0791599085057,-0.0834560729124861,2.70288262028444
67,"euler",0.0166666666666667,17520,0.5,5,100,1,NA,0.858597993850708,3.30260789052099,1.52759722926858,-0.102314201046498,4.3467470555325
67,"bbis",0.0166666666666667,17520,0.5,5,100,0,74,342.109457969666,4.1259975401228,2.01872694485087,-0.100963328709457,4.88008311526604
67,"euler",0.0166666666666667,17520,1,11,100,1,NA,0.54684591293335,2.90645878509193,1.25908742196184,-0.10427392970738,3.95194608106918
67,"bbis",0.0166666666666667,17520,1,11,100,0,44,183.592361211777,4.09941083353032,2.01599889964918,-0.0993592944557393,4.83504556617326
67,"euler",0.0166666666666667,17520,2,23,100,1,NA,0.25211501121521,2.42279381990229,1.01008100015191,-0.104915201871926,3.5175176971441
67,"bbis",0.0166666666666667,17520,2,23,100,0,21,84.9302670955658,4.10969788280012,2.01420778632238,-0.0976095870896905,4.81460819303955
67,"euler",0.0166666666666667,17520,6,71,100,1,NA,0.119822025299072,1.53332670776671,0.487000869737733,-0.106010624871158,2.79381513470443
67,"bbis",0.0166666666666667,17520,6,71,100,0,78,312.683040857315,3.74261258796584,1.77130374314209,-0.0955845039821957,4.49574603071122
67,"euler",0.0166666666666667,17520,12,143,100,1,NA,0.180582046508789,0.988562028561524,0.27872943018645,-0.101623507799173,2.40443241888488
67,"bbis",0.0166666666666667,17520,12,143,100,0,71,283.774380922318,3.51342756706004,1.5950601447545,-0.0927701916903286,3.6828435761993
67,"euler",0.0166666666666667,17520,24,287,100,1,NA,0.183689117431641,0.697851416864334,0.311981152497822,-0.104941245861936,2.16695562449887
67,"bbis",0.0166666666666667,17520,24,287,100,0,90,354.673316955566,3.14802663220634,1.20731962201619,-0.0857550900807649,2.81511147225996
68,"euler",0.0166666666666667,17520,0.5,5,100,1,NA,0.933572053909302,3.28268089122322,1.5934912687594,-0.103927558059779,4.3512706691744
68,"bbis",0.0166666666666667,17520,0.5,5,100,0,26,122.548696994782,4.11708266678352,2.06467853532301,-0.106331004566599,4.85725610524984
68,"euler",0.0166666666666667,17520,1,11,100,1,NA,0.47773003578186,2.88135739203091,1.42399937237285,-0.106733798225536,3.98816763727298
68,"bbis",0.0166666666666667,17520,1,11,100,0,44,188.899883031845,4.0847837201416,2.06031691832613,-0.108924974991333,4.84775150168082
68,"euler",0.0166666666666667,17520,2,23,100,1,NA,0.252815008163452,2.34289511473993,1.12821833569511,-0.100583785545136,3.5289835272132
68,"bbis",0.0166666666666667,17520,2,23,100,0,52,190.464344024658,4.03463106536438,1.99998017715341,-0.107707991227351,4.66653968221484
68,"euler",0.0166666666666667,17520,6,71,100,1,NA,0.111537933349609,1.47197636363665,0.713461149632748,-0.0938389326212702,2.84836938606986
68,"bbis",0.0166666666666667,17520,6,71,100,0,43,143.418694019318,3.89143682066999,1.96822465902859,-0.106996324184844,4.35575151961712
68,"euler",0.0166666666666667,17520,12,143,100,1,NA,0.136693000793457,0.941247696312218,0.361918829628946,-0.0863318294671955,2.51526724799865
68,"bbis",0.0166666666666667,17520,12,143,100,52,176,693.945621967316,3.52698840326938,1.78735399714759,-0.0965013966956232,3.90874273873432
68,"euler",0.0166666666666667,17520,24,287,100,1,NA,0.18388295173645,0.537880332873189,0.272063430431201,-0.0849879774289644,2.22624262229547
68,"bbis",0.0166666666666667,17520,24,287,100,0,83,333.548092842102,3.02424232695286,1.53456960904564,-0.100556695394184,3.28197958994168
69,"euler",0.0166666666666667,17520,0.5,5,100,1,NA,0.863250017166138,3.19014184241231,1.50977586963083,-0.124086454043502,4.38375516271819
69,"bbis",0.0166666666666667,17520,0.5,5,100,52,57,267.592870950699,4.02242560299544,1.99663479950444,-0.121713613854718,4.88445018197137
69,"euler",0.0166666666666667,17520,1,11,100,1,NA,0.509843826293945,2.74027416661302,1.23068295545434,-0.12746395246529,4.03975113441568
69,"bbis",0.0166666666666667,17520,1,11,100,0,70,298.129413127899,4.04178280334991,2.00173544584966,-0.122553885134904,4.87764889386713
69,"euler",0.0166666666666667,17520,2,23,100,1,NA,0.271268129348755,2.22269618341624,0.921318988601728,-0.128953794284979,3.6500611194684
69,"bbis",0.0166666666666667,17520,2,23,100,52,72,290.095355033875,3.97361826030272,2.00535453451808,-0.122970105344624,4.92035641788864
69,"euler",0.0166666666666667,17520,6,71,100,1,NA,0.108985900878906,1.34980055392228,0.483548400244944,-0.123543182936739,2.94647905197163
69,"bbis",0.0166666666666667,17520,6,71,100,52,162,632.874323129654,3.85261781930902,1.92010449202278,-0.127322878451863,4.35031096306998
69,"euler",0.0166666666666667,17520,12,143,100,1,NA,0.218932867050171,0.842762174800283,0.24231455662898,-0.120452506422826,2.67222336790649
69,"bbis",0.0166666666666667,17520,12,143,100,0,53,211.321694135666,3.46084244218243,1.81552558369348,-0.125342413215258,4.1031617835132
69,"euler",0.0166666666666667,17520,24,287,100,1,NA,0.2120361328125,0.523174124881629,0.0753234162314766,-0.121534206242202,2.26997092512582
69,"bbis",0.0166666666666667,17520,24,287,100,0,86,339.450829029083,2.97839602762978,1.56889268838339,-0.131482217210362,3.41457341513652
70,"euler",0.0166666666666667,17520,0.5,5,100,1,NA,0.864766836166382,3.24599329507072,1.54155778286339,-0.101593142755802,4.39645215823485
70,"bbis",0.0166666666666667,17520,0.5,5,100,0,76,351.247931003571,4.11635628560549,2.05872203006897,-0.0939639777899078,4.93603770780567
70,"euler",0.0166666666666667,17520,1,11,100,1,NA,0.483060121536255,2.81206405078357,1.27059307399856,-0.104325585908755,4.02344576160955
70,"bbis",0.0166666666666667,17520,1,11,100,0,27,115.148229122162,4.10090493899349,2.04702087841825,-0.0936037041609869,4.9098231259057
70,"euler",0.0166666666666667,17520,2,23,100,1,NA,0.257467031478882,2.32890971473421,0.949039645051598,-0.109432377162105,3.62106713859347
70,"bbis",0.0166666666666667,17520,2,23,100,0,122,477.982906103134,4.07851239407553,2.02657338814659,-0.096046066064171,5.00433460613836
70,"euler",0.0166666666666667,17520,6,71,100,1,NA,0.133092164993286,1.54002334482793,0.598618235564291,-0.111304044733109,2.87750733643433
70,"bbis",0.0166666666666667,17520,6,71,100,0,181,713.79625582695,3.92047244145631,1.85706485549877,-0.0984962073724733,4.66950973327835
70,"euler",0.0166666666666667,17520,12,143,100,1,NA,0.230737924575806,1.11782932055395,0.296231949251727,-0.110171505653172,2.4737767100472
70,"bbis",0.0166666666666667,17520,12,143,100,0,153,605.823537826538,3.46978130384127,1.62783534411321,-0.0917925284036715,4.15728942448429
70,"euler",0.0166666666666667,17520,24,287,100,1,NA,0.185611963272095,0.617925080398438,0.109890445340882,-0.105014597796439,2.14898896588876
70,"bbis",0.0166666666666667,17520,24,287,100,0,57,225.618738889694,3.12565754403319,1.25261500111946,-0.106299594733199,2.78677136584286
71,"euler",0.0166666666666667,17520,0.5,5,100,1,NA,0.870802879333496,3.18295478341187,1.5692776151997,-0.0852014748186425,4.36292356437586
71,"bbis",0.0166666666666667,17520,0.5,5,100,0,44,207.119089126587,4.08664963747443,2.1037177500562,-0.0800349767903107,4.88897011487728
71,"euler",0.0166666666666667,17520,1,11,100,1,NA,0.542480945587158,2.7622498959547,1.29512796983146,-0.0892122476175606,3.98994178365609
71,"bbis",0.0166666666666667,17520,1,11,100,0,57,236.152320861816,4.07897086085303,2.06585810367132,-0.0818778027697843,4.86378139224506
71,"euler",0.0166666666666667,17520,2,23,100,1,NA,0.280702829360962,2.20745001375606,0.955976530626885,-0.0919728309526453,3.6160067261416
71,"bbis",0.0166666666666667,17520,2,23,100,0,40,151.277875900269,4.02437380505807,2.01959178417272,-0.0865241867980964,4.80968834237297
71,"euler",0.0166666666666667,17520,6,71,100,1,NA,0.216470956802368,1.31556056060787,0.473937368254266,-0.0926322101234383,2.97246689567508
71,"bbis",0.0166666666666667,17520,6,71,100,0,29,119.19199514389,3.73622841731166,1.91265680595264,-0.100621527279398,4.51547205901764
71,"euler",0.0166666666666667,17520,12,143,100,1,NA,0.261494159698486,0.834516329671003,0.373974192135629,-0.0898245524330799,2.58429384714913
71,"bbis",0.0166666666666667,17520,12,143,100,52,111,443.587742090225,3.47561474681942,1.64581278288159,-0.0853022794676006,3.55757705739028
71,"euler",0.0166666666666667,17520,24,287,100,1,NA,0.185359954833984,0.542502560588649,0.161404527251441,-0.0895173385346691,2.20971054150666
71,"bbis",0.0166666666666667,17520,24,287,100,52,72,286.838624954224,3.01065685744197,1.35986757155348,-0.0903555554072464,3.2186222658184
72,"euler",0.0166666666666667,17520,0.5,5,100,1,NA,0.878950119018555,3.15595916289318,1.50895320222073,-0.0889236769727055,4.4127332361124
72,"bbis",0.0166666666666667,17520,0.5,5,100,0,166,756.573699951172,4.08492593299387,2.02344532853121,-0.0932853191050187,4.90142428728397
72,"euler",0.0166666666666667,17520,1,11,100,1,NA,0.496537923812866,2.74048826490138,1.33674199165379,-0.0895628982139428,4.07962359559062
72,"bbis",0.0166666666666667,17520,1,11,100,0,109,458.739331960678,4.08513963354,2.03951110365177,-0.0944348167268566,4.91492997471604
72,"euler",0.0166666666666667,17520,2,23,100,1,NA,0.254356861114502,2.15684443555009,1.08232368038714,-0.0861179752298469,3.72839824670017
72,"bbis",0.0166666666666667,17520,2,23,100,0,60,237.340330839157,4.08591665260093,2.04755844814953,-0.0919599729876967,4.92123917832294
72,"euler",0.0166666666666667,17520,6,71,100,1,NA,0.145992994308472,1.27737799959484,0.631457948866784,-0.0785042331162935,3.17312680691044
72,"bbis",0.0166666666666667,17520,6,71,100,52,99,388.535201072693,3.88592842260073,1.95614180811575,-0.091617022464578,4.93127552887579
72,"euler",0.0166666666666667,17520,12,143,100,1,NA,0.211518049240112,0.876505446940314,0.364294080494729,-0.0767351087301069,2.75772584282023
72,"bbis",0.0166666666666667,17520,12,143,100,52,68,274.055185079575,3.51527818709337,1.73432304321816,-0.0951518336281454,4.16016812280218
72,"euler",0.0166666666666667,17520,24,287,100,1,NA,0.219151020050049,0.611485783164106,0.185644036732815,-0.0726240206913444,2.40279434059387
72,"bbis",0.0166666666666667,17520,24,287,100,0,47,189.738892793655,2.92750966904137,1.12887232432075,-0.0861916974309131,3.09433567851986
73,"euler",0.0166666666666667,17520,0.5,5,100,1,NA,0.883707046508789,3.30596938081465,1.53844840304683,-0.115657351639824,4.37041466375236
73,"bbis",0.0166666666666667,17520,0.5,5,100,0,38,177.47802400589,4.15240376506925,2.04937643964821,-0.112597337751666,4.91462228753008
73,"euler",0.0166666666666667,17520,1,11,100,1,NA,0.468852043151855,2.96322070053661,1.35611698356033,-0.118056612196313,3.95913408068378
73,"bbis",0.0166666666666667,17520,1,11,100,52,69,291.435345172882,4.19080538647435,2.06501393799164,-0.113442023064485,4.83960070597818
73,"euler",0.0166666666666667,17520,2,23,100,1,NA,0.232956171035767,2.33885734232107,1.01184559868817,-0.11460281748829,3.52340468297725
73,"bbis",0.0166666666666667,17520,2,23,100,52,109,437.275917053223,4.13273409010985,2.0828131767292,-0.108690027305039,4.84824872251271
73,"euler",0.0166666666666667,17520,6,71,100,1,NA,0.148350954055786,1.4757727732492,0.506323054984154,-0.112504914735131,2.83583391680781
73,"bbis",0.0166666666666667,17520,6,71,100,0,49,197.328272104263,3.89662880875624,1.93223920575099,-0.110083626921857,4.68267777082904
73,"euler",0.0166666666666667,17520,12,143,100,1,NA,0.220746040344238,1.05641720019455,0.313258282119553,-0.107977885376103,2.38566024701877
73,"bbis",0.0166666666666667,17520,12,143,100,52,146,574.08110499382,3.45907588631006,1.60625487373103,-0.10265832183693,3.87704001657639
73,"euler",0.0166666666666667,17520,24,287,100,1,NA,0.193310022354126,0.683458127863178,0.175805471496942,-0.108482486514929,1.85198348005188
73,"bbis",0.0166666666666667,17520,24,287,100,52,70,282.723241090775,3.26113228762089,1.47434761499608,-0.10267751769661,2.80165216563208
74,"euler",0.0166666666666667,17520,0.5,5,100,1,NA,0.885418891906738,3.26096511985928,1.54494651747676,-0.0958584338294638,4.3745458422381
74,"bbis",0.0166666666666667,17520,0.5,5,100,52,57,291.975014925003,4.05140191595859,2.01841861512798,-0.089638004436727,4.88576196587632
74,"euler",0.0166666666666667,17520,1,11,100,1,NA,0.471342086791992,2.87211507974092,1.32589513655777,-0.100423189225193,4.01173611974978
74,"bbis",0.0166666666666667,17520,1,11,100,0,56,238.739449977875,4.06434360207307,2.02323805224057,-0.0896144749531272,4.91479134180228
74,"euler",0.0166666666666667,17520,2,23,100,1,NA,0.234419107437134,2.3394029387719,1.02066550486366,-0.100576710303408,3.53132974825388
74,"bbis",0.0166666666666667,17520,2,23,100,0,41,173.927278995514,4.08612936413404,2.01495552753793,-0.0891841376892904,4.77144220421911
74,"euler",0.0166666666666667,17520,6,71,100,1,NA,0.327180862426758,1.52241157484564,0.639270637321751,-0.102173160541558,2.80801899849188
74,"bbis",0.0166666666666667,17520,6,71,100,52,117,488.559931993484,3.94120108047481,1.94443209883474,-0.0869813172535851,4.58107707041282
74,"euler",0.0166666666666667,17520,12,143,100,1,NA,0.252223014831543,1.09786235886687,0.420671605279717,-0.0991692937603039,2.46005736459484
74,"bbis",0.0166666666666667,17520,12,143,100,52,81,352.274203062057,3.58835933191794,1.74324177496286,-0.0863566288099124,3.95326479682774
74,"euler",0.0166666666666667,17520,24,287,100,1,NA,0.185029029846191,0.694212511328838,0.345391595139295,-0.0981707337028195,2.02000704483382
74,"bbis",0.0166666666666667,17520,24,287,100,0,138,548.085813045502,3.27252084252956,1.70513889459018,-0.0887565304296535,2.66563039440892
75,"euler",0.0166666666666667,17520,0.5,5,100,1,NA,0.879207849502563,3.23062829137802,1.5261057894226,-0.096200732191106,4.3903548004854
75,"bbis",0.0166666666666667,17520,0.5,5,100,52,109,516.955182790756,4.11939604089317,2.08633493514116,-0.0972988592815228,4.93336793202541
75,"euler",0.0166666666666667,17520,1,11,100,1,NA,0.632712125778198,2.82714263396782,1.29810317814572,-0.095355271932869,4.00396772295406
75,"bbis",0.0166666666666667,17520,1,11,100,52,102,457.274761915207,4.09631576647969,2.09320735555655,-0.0941978671024197,4.87885779044932
75,"euler",0.0166666666666667,17520,2,23,100,1,NA,0.421921968460083,2.37371301586934,1.03322344792777,-0.103438105983325,3.5412076090938
75,"bbis",0.0166666666666667,17520,2,23,100,52,105,453.246199131012,4.0631470887397,2.05526515701261,-0.102580923460908,4.85541502061302
75,"euler",0.0166666666666667,17520,6,71,100,1,NA,0.295015811920166,1.42939792572827,0.450851906120092,-0.100116684427066,2.89955213990639
75,"bbis",0.0166666666666667,17520,6,71,100,52,93,383.187757968903,3.70882876272437,1.87030550980296,-0.0993562988564196,4.91402136456105
75,"euler",0.0166666666666667,17520,12,143,100,1,NA,0.274122953414917,1.13686027662917,0.236923297916811,-0.103029718622745,2.34244690904079
75,"bbis",0.0166666666666667,17520,12,143,100,0,52,215.345062017441,3.55674316521958,1.58598332645503,-0.102393456102432,3.5023288335656
75,"euler",0.0166666666666667,17520,24,287,100,1,NA,0.238318920135498,0.828941613323078,0.144713245167359,-0.0993228397636968,1.99293186500307
75,"bbis",0.0166666666666667,17520,24,287,100,0,37,157.255860090256,2.91116129228961,1.16354636155976,-0.0959283145472344,3.60117937426386
76,"euler",0.0166666666666667,17520,0.5,5,100,1,NA,0.869524002075195,3.28453921807927,1.54682219686877,-0.0995126591234411,4.40951816129459
76,"bbis",0.0166666666666667,17520,0.5,5,100,0,142,691.40452504158,4.17352032255642,2.06423684405332,-0.0943692594018635,4.93330630468939
76,"euler",0.0166666666666667,17520,1,11,100,1,NA,1.01980900764465,2.87741517169152,1.27333231130502,-0.101483166441895,4.02900903585231
76,"bbis",0.0166666666666667,17520,1,11,100,0,32,160.98219704628,4.13968598714682,2.0424325208068,-0.0952393513122601,4.87880025741088
76,"euler",0.0166666666666667,17520,2,23,100,1,NA,0.395463943481445,2.33740074525678,0.966659585264713,-0.10109401694785,3.68450030815812
76,"bbis",0.0166666666666667,17520,2,23,100,0,41,185.462466955185,4.07369917729051,2.01189227361014,-0.0906895829488588,4.97605392985395
76,"euler",0.0166666666666667,17520,6,71,100,1,NA,0.327139854431152,1.40788026804589,0.497262772180296,-0.0981172067195565,2.97890600509083
76,"bbis",0.0166666666666667,17520,6,71,100,0,84,362.884561061859,3.772858093572,1.84711810976699,-0.0914958996024446,4.54822456011409
76,"euler",0.0166666666666667,17520,12,143,100,1,NA,0.388587951660156,0.885260703091503,0.241757904771223,-0.102192161504948,2.68593690609742
76,"bbis",0.0166666666666667,17520,12,143,100,0,65,267.895106077194,3.43665943457605,1.49480316439179,-0.0906716620119976,4.16944283407377
76,"euler",0.0166666666666667,17520,24,287,100,1,NA,0.212039947509766,0.598601501979267,0.0661431674579199,-0.101654311867358,2.39984784290908
76,"bbis",0.0166666666666667,17520,24,287,100,0,43,189.700909852982,2.9612109809397,1.29635032026604,-0.0855417427508017,3.52710240983701
77,"euler",0.0166666666666667,17520,0.5,5,100,1,NA,0.869471073150635,3.24148890859306,1.58614037750078,-0.106695416428671,4.43360451572976
77,"bbis",0.0166666666666667,17520,0.5,5,100,0,79,381.307528972626,4.05155490710716,2.02441025617002,-0.105079507447603,4.97087329000671
77,"euler",0.0166666666666667,17520,1,11,100,1,NA,0.743433952331543,2.77754388726704,1.29733964072087,-0.106314594262991,4.07480124644527
77,"bbis",0.0166666666666667,17520,1,11,100,0,48,228.200615882874,4.029031042943,2.00414987801181,-0.106478932136252,4.93979958517485
77,"euler",0.0166666666666667,17520,2,23,100,1,NA,0.503407955169678,2.3006358048682,0.981704108370376,-0.105812344851546,3.63733537539326
77,"bbis",0.0166666666666667,17520,2,23,100,0,23,106.799071073532,3.99402427773718,1.97442887872707,-0.104786401079061,4.85244145945372
77,"euler",0.0166666666666667,17520,6,71,100,1,NA,0.339622020721436,1.36902763450743,0.522483899840332,-0.103891274905043,2.96787010575016
77,"bbis",0.0166666666666667,17520,6,71,100,0,74,352.003709077835,3.80499251932927,1.90694346923695,-0.103601193801996,4.52137647740227
77,"euler",0.0166666666666667,17520,12,143,100,1,NA,0.344671010971069,0.93315260901011,0.336930173223316,-0.102211029010928,2.57370969972795
77,"bbis",0.0166666666666667,17520,12,143,100,52,170,705.984586000443,3.35063745083373,1.69018338229337,-0.102730074453917,4.12770378267586
77,"euler",0.0166666666666667,17520,24,287,100,1,NA,0.316784143447876,0.721754292195244,0.164623420784016,-0.102983210340404,2.13861890539817
77,"bbis",0.0166666666666667,17520,24,287,100,52,63,260.54384303093,2.81658949864555,1.48857437651601,-0.099106472030109,3.16353468692884
78,"euler",0.0166666666666667,17520,0.5,5,100,1,NA,0.892212867736816,3.28600199805616,1.63385566709512,-0.112195259891713,4.33656207830493
78,"bbis",0.0166666666666667,17520,0.5,5,100,0,41,208.435091018677,4.173794886887,2.15958260505293,-0.109535410450384,4.86477895897834
78,"euler",0.0166666666666667,17520,1,11,100,1,NA,0.73488712310791,2.86575503697742,1.39548581563124,-0.115861103651957,3.9795434957513
78,"bbis",0.0166666666666667,17520,1,11,100,0,61,264.242592811584,4.13925248543519,2.145422210952,-0.109892429257926,4.90287975277926
78,"euler",0.0166666666666667,17520,2,23,100,1,NA,0.559510946273804,2.396321600381,1.14389203529232,-0.120553593177392,3.54421780497605
78,"bbis",0.0166666666666667,17520,2,23,100,0,288,1261.70057988167,4.07986304608209,2.11953719741896,-0.112689032077661,4.85862279253185
78,"euler",0.0166666666666667,17520,6,71,100,1,NA,0.307075023651123,1.41006351648451,0.496876007151292,-0.113921330247023,2.92185538391135
78,"bbis",0.0166666666666667,17520,6,71,100,52,122,507.090095996857,3.90587293885582,2.01825434902053,-0.103468377037629,4.60427301502238
78,"euler",0.0166666666666667,17520,12,143,100,1,NA,0.309202909469604,1.00044856238642,0.25126095887649,-0.110212446565023,2.44702275174741
78,"bbis",0.0166666666666667,17520,12,143,100,0,175,715.231168031693,3.38562790888642,1.66159370980716,-0.0983028568026846,3.83092719509817
78,"euler",0.0166666666666667,17520,24,287,100,1,NA,0.196371078491211,0.707037163853596,0.0886957603032411,-0.117837291648078,1.97670729698198
78,"bbis",0.0166666666666667,17520,24,287,100,0,27,115.014623880386,2.96654875733661,1.16343162031126,-0.111880124006219,2.90356642251886
79,"euler",0.0166666666666667,17520,0.5,5,100,1,NA,0.897812843322754,3.2348789070609,1.50903585055611,-0.098840999102497,4.398503909384
79,"bbis",0.0166666666666667,17520,0.5,5,100,0,93,458.896035194397,4.10543411917155,2.0828269336468,-0.104063106582891,4.9519627577862
79,"euler",0.0166666666666667,17520,1,11,100,1,NA,0.754540920257568,2.84207139084443,1.2551942136576,-0.0960085309790568,3.99681891756978
79,"bbis",0.0166666666666667,17520,1,11,100,0,33,146.728637218475,4.12377391991491,2.07052501186654,-0.101885027119395,4.8789921363074
79,"euler",0.0166666666666667,17520,2,23,100,1,NA,0.456354141235352,2.29515296980391,0.880500104410676,-0.0902556669422176,3.57133397485637
79,"bbis",0.0166666666666667,17520,2,23,100,52,57,244.857595205307,4.14775684817939,2.05283290422547,-0.0989179335181259,4.9048567689421
79,"euler",0.0166666666666667,17520,6,71,100,1,NA,0.357247114181519,1.32114597748161,0.336451083263168,-0.086376337766025,2.88912067962521
79,"bbis",0.0166666666666667,17520,6,71,100,52,144,607.346737861633,3.83383176967515,1.95955247523457,-0.0977807400674746,4.3981123804681
79,"euler",0.0166666666666667,17520,12,143,100,1,NA,0.296832084655762,0.884037771508442,0.215494531506409,-0.0856132624613744,2.53864135561311
79,"bbis",0.0166666666666667,17520,12,143,100,0,171,723.409731864929,3.37790036480845,1.59854271520113,-0.0983635775105076,3.98344094209381
79,"euler",0.0166666666666667,17520,24,287,100,1,NA,0.193403005599976,0.472308028025758,0.0867669784637763,-0.0807912550174262,2.18286519311663
79,"bbis",0.0166666666666667,17520,24,287,100,0,78,332.873059988022,3.01758622183363,1.29505625731199,-0.099574776604713,3.27075032349446
80,"euler",0.0166666666666667,17520,0.5,5,100,1,NA,0.921704053878784,3.27168258524189,1.48124053955456,-0.104560866551399,4.35058815729684
80,"bbis",0.0166666666666667,17520,0.5,5,100,0,34,149.751950979233,4.09749063271025,2.00099278305827,-0.107321401126162,4.91416533498506
80,"euler",0.0166666666666667,17520,1,11,100,1,NA,0.63963794708252,2.88116936982293,1.2164315496364,-0.103615393613345,3.95681085408784
80,"bbis",0.0166666666666667,17520,1,11,100,0,34,147.335675001144,4.07512706450614,1.99130152431828,-0.10890982925597,4.89034250878783
80,"euler",0.0166666666666667,17520,2,23,100,1,NA,0.40746808052063,2.41456939617209,0.929341631110015,-0.101384760984969,3.48879518895047
80,"bbis",0.0166666666666667,17520,2,23,100,0,106,483.438817977905,3.98527233093112,1.9475927307395,-0.104700075396839,4.82144512872695
80,"euler",0.0166666666666667,17520,6,71,100,1,NA,0.29973316192627,1.57637452847913,0.584559352997369,-0.100538656951259,2.80621052270554
80,"bbis",0.0166666666666667,17520,6,71,100,0,78,329.682667970657,3.73956429230279,1.84805125236671,-0.109014403196853,4.59761979185293
80,"euler",0.0166666666666667,17520,12,143,100,1,NA,0.294661045074463,1.05980314931153,0.346188700211991,-0.0899263381891192,2.34341389846433
80,"bbis",0.0166666666666667,17520,12,143,100,52,87,362.54239320755,3.52568656505453,1.57192818741921,-0.09496738100104,3.96245496047886
80,"euler",0.0166666666666667,17520,24,287,100,1,NA,0.145892143249512,0.638085643720312,0.27422249492454,-0.090393771798268,1.9671161401761
80,"bbis",0.0166666666666667,17520,24,287,100,52,232,893.392488956451,3.23206634921493,1.37266035769496,-0.101049022324578,2.89985410391026
81,"euler",0.0166666666666667,17520,0.5,5,100,1,NA,0.875432014465332,3.16473673407281,1.59454139164063,-0.084636220132318,4.39865948144567
81,"bbis",0.0166666666666667,17520,0.5,5,100,0,83,393.294100999832,4.0659741131211,2.12765827520046,-0.0757112891774471,4.90391287557098
81,"euler",0.0166666666666667,17520,1,11,100,1,NA,0.649238109588623,2.72320814522643,1.32897783049715,-0.089179907305172,4.04060043907769
81,"bbis",0.0166666666666667,17520,1,11,100,0,28,119.627769947052,4.04339062730201,2.11323217264407,-0.0777725592431468,4.88715099263788
81,"euler",0.0166666666666667,17520,2,23,100,1,NA,0.372653007507324,2.25754541840425,1.09127502198063,-0.0936476078008795,3.62772951228558
81,"bbis",0.0166666666666667,17520,2,23,100,52,57,235.873515129089,4.01152079594407,2.07955511096358,-0.0774269625363543,4.88285789987965
81,"euler",0.0166666666666667,17520,6,71,100,1,NA,0.252590894699097,1.32375819075637,0.498334680048784,-0.095686801524953,2.94406031822622
81,"bbis",0.0166666666666667,17520,6,71,100,0,50,214.40269112587,3.79565729335987,1.96372331638664,-0.0804653930821149,4.4073510800759
81,"euler",0.0166666666666667,17520,12,143,100,1,NA,0.310539960861206,0.867063360349435,0.264057957278619,-0.0970620059848454,2.63464731477699
81,"bbis",0.0166666666666667,17520,12,143,100,52,58,237.557290077209,3.42029707715123,1.49165854527146,-0.0914668999275862,4.33158009856681
81,"euler",0.0166666666666667,17520,24,287,100,1,NA,0.242121934890747,0.589960519007365,0.211495072816255,-0.0946231315321019,2.32837211266784
81,"bbis",0.0166666666666667,17520,24,287,100,52,78,322.373152971268,2.99779416728461,1.41888960657463,-0.0821045695961446,3.17898699979877
82,"euler",0.0166666666666667,17520,0.5,5,100,1,NA,0.870105981826782,3.17038231318964,1.64788169322728,-0.10833644993932,4.38147339496565
82,"bbis",0.0166666666666667,17520,0.5,5,100,0,36,156.084143877029,4.06625208128628,2.17967785644818,-0.10626023553958,4.90882320928705
82,"euler",0.0166666666666667,17520,1,11,100,1,NA,0.492678880691528,2.72156921595082,1.41421570084114,-0.109806730455216,4.02356424712385
82,"bbis",0.0166666666666667,17520,1,11,100,0,36,126.754748821259,4.05785898177225,2.16089492760719,-0.104548416511915,4.93693775274263
82,"euler",0.0166666666666667,17520,2,23,100,1,NA,0.347450971603394,2.09321920952321,1.0520231913545,-0.107525765697209,3.69692323388437
82,"bbis",0.0166666666666667,17520,2,23,100,52,61,229.683833122253,4.03062195917311,2.15054966021619,-0.100119900038489,4.87495822725202
82,"euler",0.0166666666666667,17520,6,71,100,1,NA,0.233911991119385,1.19157139458207,0.5041786642862,-0.107677648373594,3.08734088922588
82,"bbis",0.0166666666666667,17520,6,71,100,0,115,457.74559211731,3.82410219876969,1.93925959317572,-0.108136981525222,4.56071704413316
82,"euler",0.0166666666666667,17520,12,143,100,1,NA,0.229313850402832,0.848763866975623,0.308089157726823,-0.107622214777823,2.65373474950007
82,"bbis",0.0166666666666667,17520,12,143,100,0,75,296.596072912216,3.41481733672135,1.71703812893023,-0.0956212231641155,4.04688446723307
82,"euler",0.0166666666666667,17520,24,287,100,1,NA,0.19082498550415,0.592056338614395,0.0377725483069481,-0.111468752357552,2.18577993245211
82,"bbis",0.0166666666666667,17520,24,287,100,0,93,372.628604888916,2.90250846819312,1.33242322509532,-0.116685330297094,2.71758500630619
83,"euler",0.0166666666666667,17520,0.5,5,100,1,NA,0.876311779022217,3.31163355115243,1.57707835382388,-0.1007208734444,4.27791485666153
83,"bbis",0.0166666666666667,17520,0.5,5,100,0,38,174.48246216774,4.18673067415825,2.03710527508371,-0.1059390482913,4.8386624788508
83,"euler",0.0166666666666667,17520,1,11,100,1,NA,0.51446008682251,2.89685624297853,1.31913356789827,-0.0980179577216583,3.89994982638774
83,"bbis",0.0166666666666667,17520,1,11,100,0,139,584.253839015961,4.17412299037112,2.03153694815549,-0.105633240564196,4.85129067661822
83,"euler",0.0166666666666667,17520,2,23,100,1,NA,0.34787106513977,2.37383778703254,1.11151699798886,-0.0957956659406032,3.41246602870295
83,"bbis",0.0166666666666667,17520,2,23,100,0,30,124.021059989929,4.14062582446451,2.04078914748087,-0.105370250237962,4.71941866268831
83,"euler",0.0166666666666667,17520,6,71,100,1,NA,0.243896007537842,1.52941743418677,0.626575975307972,-0.0878608767712902,2.72622256543894
83,"bbis",0.0166666666666667,17520,6,71,100,0,69,279.100136995316,3.85016539649954,1.9607313036235,-0.0978480132166117,4.34088670237553
83,"euler",0.0166666666666667,17520,12,143,100,1,NA,0.2360520362854,1.1472650985288,0.366577442660628,-0.0848757372603355,2.26275380154503
83,"bbis",0.0166666666666667,17520,12,143,100,0,47,188.909804105759,3.46231726743614,1.71550019730413,-0.0859497903383269,3.57350989916058
83,"euler",0.0166666666666667,17520,24,287,100,1,NA,0.190001010894775,0.710594757393279,0.199675393646303,-0.0783234842543867,1.92258707104723
83,"bbis",0.0166666666666667,17520,24,287,100,0,55,225.009747028351,3.01537696469069,1.91287032976407,-0.0550369539768967,3.17463954817877
84,"euler",0.0166666666666667,17520,0.5,5,100,1,NA,0.876688003540039,3.26019973748328,1.58154088664618,-0.0875083733003952,4.34358625297523
84,"bbis",0.0166666666666667,17520,0.5,5,100,0,33,156.780538082123,4.09417667658075,2.08816174827243,-0.0916579070598667,4.85618041689155
84,"euler",0.0166666666666667,17520,1,11,100,1,NA,0.487324953079224,2.87976381554178,1.36895270891428,-0.0867319469242376,4.03165079552386
84,"bbis",0.0166666666666667,17520,1,11,100,0,35,133.927034139633,4.05230633936522,2.0653418693207,-0.0906664409683773,4.91591701622473
84,"euler",0.0166666666666667,17520,2,23,100,1,NA,0.262298107147217,2.3515040537073,1.04124118561616,-0.0840770270024133,3.59764636325702
84,"bbis",0.0166666666666667,17520,2,23,100,0,29,119.125222921371,4.04801040040264,2.07949112077147,-0.091498869123643,4.86009323656117
84,"euler",0.0166666666666667,17520,6,71,100,1,NA,0.249798059463501,1.4996136295191,0.544641026736415,-0.0778007366447059,2.95764073805629
84,"bbis",0.0166666666666667,17520,6,71,100,52,130,518.72220993042,3.77478707273472,1.93818368044646,-0.0881100379345974,4.34983059813485
84,"euler",0.0166666666666667,17520,12,143,100,1,NA,0.239068031311035,1.02331287676816,0.321895399140953,-0.0752840656793803,2.52169008450709
84,"bbis",0.0166666666666667,17520,12,143,100,52,141,578.705791950226,3.400159936311,1.71828388454162,-0.0906179962602516,3.99820667374619
84,"euler",0.0166666666666667,17520,24,287,100,1,NA,0.209541797637939,0.74124510653227,0.158146434482765,-0.0727590397814902,2.13034312442756
84,"bbis",0.0166666666666667,17520,24,287,100,0,105,439.030086040497,2.98738621600191,1.39503801836904,-0.0861722429261539,3.73695182738896
85,"euler",0.0166666666666667,17520,0.5,5,100,1,NA,0.890599966049194,3.31135066968852,1.56403376141115,-0.0893203391575645,4.3190491021035
85,"bbis",0.0166666666666667,17520,0.5,5,100,0,53,251.727178812027,4.13371505909776,2.08482402297508,-0.0902126932437298,4.87519556352721
85,"euler",0.0166666666666667,17520,1,11,100,1,NA,0.584850072860718,2.91200903700196,1.32158728591574,-0.0898648122953423,3.95591106391579
85,"bbis",0.0166666666666667,17520,1,11,100,0,39,180.7954018116,4.08772582224161,2.07694491666739,-0.0852830990985295,4.89631714898846
85,"euler",0.0166666666666667,17520,2,23,100,1,NA,0.385043144226074,2.42658598156506,0.951925136345928,-0.0898582520514995,3.49139168467523
85,"bbis",0.0166666666666667,17520,2,23,100,0,41,193.074671030045,4.05337397460358,2.04743440587768,-0.0880574764568658,4.7767192813851
85,"euler",0.0166666666666667,17520,6,71,100,1,NA,0.307711124420166,1.62725149071674,0.440926528661766,-0.0824328100630685,2.65808192725261
85,"bbis",0.0166666666666667,17520,6,71,100,0,93,395.63244509697,3.81176142672734,1.88353582790241,-0.086733589671247,4.43882683404679
85,"euler",0.0166666666666667,17520,12,143,100,1,NA,0.257236003875732,1.15063832299457,0.192345708466903,-0.0818605797265455,2.23940148410875
85,"bbis",0.0166666666666667,17520,12,143,100,0,72,296.694538116455,3.50669781507595,1.58636242068763,-0.0860811906613043,3.80563509231507
85,"euler",0.0166666666666667,17520,24,287,100,1,NA,0.214455127716064,0.658984139999127,0.0250256695846045,-0.0788357957091633,2.02351512423583
85,"bbis",0.0166666666666667,17520,24,287,100,0,137,1484.21869397163,3.10738842688335,1.25196389937413,-0.0743785065174532,2.75841427515138
86,"euler",0.0166666666666667,17520,0.5,5,100,1,NA,0.843096017837524,3.1796910167371,1.60606995061451,-0.109078539891421,4.40517267112307
86,"bbis",0.0166666666666667,17520,0.5,5,100,0,40,187.151782989502,4.02770945519826,2.06226922207214,-0.10810301235219,4.94158749039596
86,"euler",0.0166666666666667,17520,1,11,100,1,NA,0.613624095916748,2.72245387491682,1.34680975077727,-0.1075086718175,4.06144913163646
86,"bbis",0.0166666666666667,17520,1,11,100,0,38,164.643800020218,4.00490290002987,2.05852989696765,-0.107291386958669,4.95606831766896
86,"euler",0.0166666666666667,17520,2,23,100,1,NA,0.38214111328125,2.20838396892844,0.99522415538209,-0.110150230142991,3.70282122640994
86,"bbis",0.0166666666666667,17520,2,23,100,0,49,200.988523006439,3.91393315923425,2.02433488833571,-0.107847632320155,5.07303239193064
86,"euler",0.0166666666666667,17520,6,71,100,1,NA,0.23105788230896,1.42172952149754,0.500745157284541,-0.109183393394901,2.99783746228775
86,"bbis",0.0166666666666667,17520,6,71,100,0,146,662.075584888458,3.70888354990443,1.79742434611734,-0.116850714177665,5.0049585876355
86,"euler",0.0166666666666667,17520,12,143,100,1,NA,0.30734395980835,0.844179643619513,0.176368485429658,-0.0994787398936023,2.5692624285155
86,"bbis",0.0166666666666667,17520,12,143,100,52,101,1038.25520682335,3.43719603919811,1.75707538075652,-0.105717555853465,4.34470846345983
86,"euler",0.0166666666666667,17520,24,287,100,1,NA,0.230991840362549,0.643667874558506,0.0528019607687381,-0.0982177972378563,2.07940741880739
86,"bbis",0.0166666666666667,17520,24,287,100,52,101,401.709232807159,3.17813204842369,1.45183301721662,-0.109899473603583,2.72141940704194
87,"euler",0.0166666666666667,17520,0.5,5,100,1,NA,0.872982025146484,3.2984420117034,1.6100226467346,-0.0918121955945614,4.3709631066114
87,"bbis",0.0166666666666667,17520,0.5,5,100,0,49,231.169509887695,4.07430801624163,2.08030949004303,-0.0937376804554097,4.9406070371755
87,"euler",0.0166666666666667,17520,1,11,100,1,NA,0.483154058456421,2.93848835311326,1.40408883302804,-0.0946030064922476,3.98622414480366
87,"bbis",0.0166666666666667,17520,1,11,100,0,39,167.07989192009,4.08465833103002,2.07984108003657,-0.0966751638740722,4.92058670428634
87,"euler",0.0166666666666667,17520,2,23,100,1,NA,0.379116058349609,2.37262131314312,0.989775631780736,-0.095348239577399,3.55036085477152
87,"bbis",0.0166666666666667,17520,2,23,100,52,153,619.816186904907,4.06273290832201,2.11305142310122,-0.0987883953619957,4.96510538490618
87,"euler",0.0166666666666667,17520,6,71,100,1,NA,0.247395992279053,1.55574475604959,0.549379752789459,-0.0978223274260747,2.758515637777
87,"bbis",0.0166666666666667,17520,6,71,100,0,181,747.513241052628,3.76676185998215,1.9503096325678,-0.0962283671202092,4.6684706668264
87,"euler",0.0166666666666667,17520,12,143,100,1,NA,0.287559986114502,1.08167350290435,0.350430815462248,-0.0898487145370958,2.29401810944844
87,"bbis",0.0166666666666667,17520,12,143,100,52,106,433.25217795372,3.36924349576638,1.67587948264838,-0.0857735272206312,3.55900408669741
87,"euler",0.0166666666666667,17520,24,287,100,1,NA,0.245259046554565,0.729786671988234,0.170892105677574,-0.0863088119597912,1.84874357039215
87,"bbis",0.0166666666666667,17520,24,287,100,52,164,643.677686929703,3.33200893001836,1.59279395106003,-0.0778367916174526,2.8023839533685
88,"euler",0.0166666666666667,17520,0.5,5,100,1,NA,0.871701002120972,3.30616865057274,1.60734653112838,-0.108593586288839,4.3556922013394
88,"bbis",0.0166666666666667,17520,0.5,5,100,0,27,126.749256849289,4.12301493417755,2.10166946146462,-0.108811807547821,4.89841704255661
88,"euler",0.0166666666666667,17520,1,11,100,1,NA,0.471514940261841,2.85488060323708,1.34915847662734,-0.108049266738721,3.94579007010813
88,"bbis",0.0166666666666667,17520,1,11,100,0,55,228.90222287178,4.09614499302982,2.07930116521334,-0.109697858253028,4.81175126418319
88,"euler",0.0166666666666667,17520,2,23,100,1,NA,0.280626058578491,2.26985627578835,0.963147711164462,-0.109156821939858,3.57948388577758
88,"bbis",0.0166666666666667,17520,2,23,100,0,42,170.872422933578,4.12669500271743,2.07959892624562,-0.108984454395883,4.92646214958559
88,"euler",0.0166666666666667,17520,6,71,100,1,NA,0.222491025924683,1.4176700096852,0.476446146982317,-0.102985455314404,2.85654996788417
88,"bbis",0.0166666666666667,17520,6,71,100,0,100,404.602678060532,3.84591794804488,1.8941018582952,-0.106443798310811,4.38921527338792
88,"euler",0.0166666666666667,17520,12,143,100,1,NA,0.231278896331787,1.03626798663012,0.19518450991443,-0.103425311087465,2.4526448075215
88,"bbis",0.0166666666666667,17520,12,143,100,0,91,367.795631885529,3.48532376485427,1.66165959642865,-0.11142455296852,3.9169320732931
88,"euler",0.0166666666666667,17520,24,287,100,1,NA,0.195358991622925,0.735267311321347,0.164082992447757,-0.0989801684669295,2.06080457083434
88,"bbis",0.0166666666666667,17520,24,287,100,0,159,629.433664083481,3.0564209190848,1.57834220150392,-0.106172509741313,2.77576770768721
89,"euler",0.0166666666666667,17520,0.5,5,100,1,NA,0.876871109008789,3.21090263216743,1.50783100541582,-0.0956794219885813,4.33054104477095
89,"bbis",0.0166666666666667,17520,0.5,5,100,0,79,366.188001155853,4.03711947347274,1.99791838735874,-0.101456146357989,4.85424080837028
89,"euler",0.0166666666666667,17520,1,11,100,1,NA,0.507674932479858,2.77076471597611,1.26630441712705,-0.093401740309601,3.99998183822461
89,"bbis",0.0166666666666667,17520,1,11,100,52,70,296.277081012726,4.01901096488044,1.99679329906365,-0.0997274637513903,4.86405051455137
89,"euler",0.0166666666666667,17520,2,23,100,1,NA,0.325656890869141,2.35280067563848,1.1000530906302,-0.0941963669587353,3.52439278262861
89,"bbis",0.0166666666666667,17520,2,23,100,52,96,387.320528030396,3.97392200283499,2.00344385582314,-0.100659483875618,4.85613079979078
89,"euler",0.0166666666666667,17520,6,71,100,1,NA,0.248686075210571,1.5917189950056,0.621306660820412,-0.0945026340154322,2.83209204379533
89,"bbis",0.0166666666666667,17520,6,71,100,52,163,648.204837083817,3.80619405410699,1.89177411154181,-0.100990713413367,4.70445365334857
89,"euler",0.0166666666666667,17520,12,143,100,1,NA,0.260095834732056,1.19648404306838,0.363280695621629,-0.0862779571200891,2.38068334375576
89,"bbis",0.0166666666666667,17520,12,143,100,0,60,244.619720935822,3.51937317514729,1.5809252328516,-0.0952595187328661,4.15809748901596
89,"euler",0.0166666666666667,17520,24,287,100,1,NA,0.19870400428772,0.749564001425053,0.193343241202237,-0.079198929595664,1.95564434243349
89,"bbis",0.0166666666666667,17520,24,287,100,0,104,408.396646022797,3.15475587789229,1.54363908788873,-0.0892252918774274,2.88331330461576
90,"euler",0.0166666666666667,17520,0.5,5,100,1,NA,0.883021116256714,3.31759139254045,1.5343906227499,-0.10992203353206,4.38489924452783
90,"bbis",0.0166666666666667,17520,0.5,5,100,0,41,192.408313035965,4.05729375268369,1.97473673319665,-0.109011261576766,4.91735742306746
90,"euler",0.0166666666666667,17520,1,11,100,1,NA,0.461392879486084,2.90335568789674,1.26658698357035,-0.108741610994433,4.04260067593285
90,"bbis",0.0166666666666667,17520,1,11,100,0,37,149.225334882736,4.10359676412842,1.99458421037324,-0.110968760185913,4.95127324615755
90,"euler",0.0166666666666667,17520,2,23,100,1,NA,0.252606153488159,2.26956412490729,0.938874363149041,-0.10694729559455,3.68309449556058
90,"bbis",0.0166666666666667,17520,2,23,100,0,63,255.14777803421,4.01997986746797,1.93269205931176,-0.110813550551338,4.89347740055099
90,"euler",0.0166666666666667,17520,6,71,100,1,NA,0.234967947006226,1.3367229080334,0.500407051751083,-0.0986071896524677,3.01861544486902
90,"bbis",0.0166666666666667,17520,6,71,100,52,73,296.473917961121,3.73391791723552,1.78317898393874,-0.106558134255586,4.67306679136579
90,"euler",0.0166666666666667,17520,12,143,100,1,NA,0.236472845077515,0.880503579029918,0.21045949430422,-0.0935645423614857,2.5703858016317
90,"bbis",0.0166666666666667,17520,12,143,100,0,48,189.166394948959,3.35464055236338,1.50813767204874,-0.0986609134571388,4.10770951791622
90,"euler",0.0166666666666667,17520,24,287,100,1,NA,0.179253101348877,0.640072525183818,0.154333202693939,-0.0906349993727397,2.17131491101222
90,"bbis",0.0166666666666667,17520,24,287,100,0,75,302.089834928513,3.17911999587372,1.3173754154038,-0.105764416855633,2.96178593960266
91,"euler",0.0166666666666667,17520,0.5,5,100,1,NA,0.864008188247681,3.23673435043726,1.54040867640695,-0.0938464052127848,4.3788873628084
91,"bbis",0.0166666666666667,17520,0.5,5,100,0,58,273.209775924683,4.09299061248471,2.06512207260051,-0.0974733331503385,4.91774693179301
91,"euler",0.0166666666666667,17520,1,11,100,1,NA,0.518024921417236,2.85309249613654,1.27833742588164,-0.0900779762774855,4.01497581131347
91,"bbis",0.0166666666666667,17520,1,11,100,0,54,231.642570972443,4.0977999105808,2.071749395345,-0.0948754703094544,4.93622901977429
91,"euler",0.0166666666666667,17520,2,23,100,1,NA,0.351596117019653,2.33746138198048,0.916412199037874,-0.0883479199578467,3.58039851828398
91,"bbis",0.0166666666666667,17520,2,23,100,0,33,135.528545856476,4.07475613057259,2.08065347963824,-0.0956626132240699,4.89140386672696
91,"euler",0.0166666666666667,17520,6,71,100,1,NA,0.19926905632019,1.46510088392816,0.456669784497779,-0.0844133023315291,2.91559105095741
91,"bbis",0.0166666666666667,17520,6,71,100,0,215,843.662343025208,3.85949171471733,2.06450310391503,-0.0891595418991426,4.65077157308828
91,"euler",0.0166666666666667,17520,12,143,100,1,NA,0.212464094161987,0.922653050786208,0.128074565651156,-0.0744650917494615,2.48443043026313
91,"bbis",0.0166666666666667,17520,12,143,100,0,74,294.918416976929,3.49764052226873,1.76442995253987,-0.0847187566009654,3.79877984599232
91,"euler",0.0166666666666667,17520,24,287,100,1,NA,0.186735153198242,0.571206632290365,0.172992982238698,-0.0721643432874521,2.13342177416564
91,"bbis",0.0166666666666667,17520,24,287,100,0,55,223.214020967484,2.93849226149555,1.29054634766278,-0.0603530053223956,2.70609426832119
92,"euler",0.0166666666666667,17520,0.5,5,100,1,NA,0.869630098342896,3.35941747091129,1.62453235271544,-0.0898476766959684,4.30254256936284
92,"bbis",0.0166666666666667,17520,0.5,5,100,0,41,172.610286951065,4.13084923957238,2.11008048752236,-0.0909377946077903,4.86451116521648
92,"euler",0.0166666666666667,17520,1,11,100,1,NA,0.503391981124878,2.94876328776344,1.38071074936806,-0.0902854525670362,3.93263175467584
92,"bbis",0.0166666666666667,17520,1,11,100,52,85,360.428697109222,4.08999906327144,2.13005661808639,-0.0900081319355658,4.87985257728573
92,"euler",0.0166666666666667,17520,2,23,100,1,NA,0.263653993606567,2.51188333149581,1.03868475842168,-0.0881404490450466,3.44358383501604
92,"bbis",0.0166666666666667,17520,2,23,100,52,128,513.012579917908,4.08662868678396,2.0737617455992,-0.0905203335981959,4.76687942497802
92,"euler",0.0166666666666667,17520,6,71,100,1,NA,0.243852138519287,1.54517938454685,0.517779937477997,-0.0915656131092433,2.77578111659146
92,"bbis",0.0166666666666667,17520,6,71,100,52,116,463.301833152771,3.92125072734712,1.96207245524185,-0.0986809170562746,4.65382616949299
92,"euler",0.0166666666666667,17520,12,143,100,1,NA,0.249979972839355,0.961920927097041,0.18122169952583,-0.0801879550973163,2.26188775173177
92,"bbis",0.0166666666666667,17520,12,143,100,52,60,243.969502925873,3.66834601162888,1.72790567222557,-0.0932781427674525,3.69269839213024
92,"euler",0.0166666666666667,17520,24,287,100,1,NA,0.230362176895142,0.651677910158875,0.109316120429463,-0.0825472360137509,1.88328344864145
92,"bbis",0.0166666666666667,17520,24,287,100,0,153,598.024724006653,3.33506380206914,1.71810954237629,-0.0744123209242942,2.76084059668336
93,"euler",0.0166666666666667,17520,0.5,5,100,1,NA,0.865841865539551,3.35752038801352,1.6046305193807,-0.123561293648453,4.33480658495402
93,"bbis",0.0166666666666667,17520,0.5,5,100,52,69,321.55718588829,4.2084736308371,2.12643788659804,-0.121119763848715,4.88525654975323
93,"euler",0.0166666666666667,17520,1,11,100,1,NA,0.468281030654907,2.87731211558278,1.27202875703934,-0.123910347952341,3.99544452433271
93,"bbis",0.0166666666666667,17520,1,11,100,0,86,360.823847055435,4.22409358872563,2.14021795128868,-0.114511579056128,4.96723141793772
93,"euler",0.0166666666666667,17520,2,23,100,1,NA,0.358026027679443,2.28701460406032,0.957930988980322,-0.124891786038906,3.55802360603406
93,"bbis",0.0166666666666667,17520,2,23,100,0,73,296.769505977631,4.22735237200723,2.12410320875522,-0.11877478841981,4.86422897908956
93,"euler",0.0166666666666667,17520,6,71,100,1,NA,0.227097034454346,1.27706694102631,0.429873596922809,-0.121638943737276,2.94746855058648
93,"bbis",0.0166666666666667,17520,6,71,100,52,157,645.351937055588,3.98163174644642,2.06593197192688,-0.118076361057294,4.63079591723873
93,"euler",0.0166666666666667,17520,12,143,100,1,NA,0.303758144378662,0.828403348192061,0.237614114254086,-0.120686980343834,2.55178050989984
93,"bbis",0.0166666666666667,17520,12,143,100,0,81,344.160692214966,3.60010839899317,1.73466492549756,-0.123670767447704,4.07804399123674
93,"euler",0.0166666666666667,17520,24,287,100,1,NA,0.244818925857544,0.476779765160126,-0.0886406040430999,-0.12159857936809,2.18637866874685
93,"bbis",0.0166666666666667,17520,24,287,100,0,51,204.635350942612,3.15705059829953,1.40025726846574,-0.129063610606041,2.97956505380313
94,"euler",0.0166666666666667,17520,0.5,5,100,1,NA,0.867790937423706,3.30678892583465,1.50167681129825,-0.105418729803373,4.2981152121361
94,"bbis",0.0166666666666667,17520,0.5,5,100,52,74,345.005042076111,4.13994723090655,2.01304916247688,-0.109593100290291,4.86085554520643
94,"euler",0.0166666666666667,17520,1,11,100,1,NA,0.576376914978027,2.97723947748847,1.25869411411136,-0.104329344668768,3.88882210951421
94,"bbis",0.0166666666666667,17520,1,11,100,0,103,434.665538072586,4.15600920626997,2.02530734181897,-0.111717837757312,4.84129612512423
94,"euler",0.0166666666666667,17520,2,23,100,1,NA,0.382773160934448,2.41677350118429,0.886688628882093,-0.101238073937591,3.47531593303941
94,"bbis",0.0166666666666667,17520,2,23,100,0,34,140.165915966034,4.11334048052964,1.98728892309093,-0.110453823457624,4.88538815282241
94,"euler",0.0166666666666667,17520,6,71,100,1,NA,0.26639199256897,1.53371747620045,0.343095316343415,-0.0921551928414868,2.77145562757101
94,"bbis",0.0166666666666667,17520,6,71,100,0,155,636.634985923767,3.86498534566123,1.78268498994772,-0.101102294478291,4.66292516931798
94,"euler",0.0166666666666667,17520,12,143,100,1,NA,0.299135208129883,1.02643580903161,0.183230758307158,-0.0895729728728649,2.43142068657483
94,"bbis",0.0166666666666667,17520,12,143,100,52,138,559.329856872559,3.3406044564217,1.44591503661762,-0.0960565806441972,3.99773846137372
94,"euler",0.0166666666666667,17520,24,287,100,1,NA,0.227320194244385,0.790507231749234,0.0577032737036519,-0.0884042619441415,2.01013389377682
94,"bbis",0.0166666666666667,17520,24,287,100,52,171,665.583365917206,3.07724134165857,1.20216466950149,-0.0978946852247204,2.57685321203621
95,"euler",0.0166666666666667,17520,0.5,5,100,1,NA,0.865587949752808,3.16900290116767,1.45900166384967,-0.124098224189563,4.39734728292444
95,"bbis",0.0166666666666667,17520,0.5,5,100,0,35,159.973976135254,4.02783016825077,2.02412908912328,-0.116480473905187,4.90645207744338
95,"euler",0.0166666666666667,17520,1,11,100,1,NA,0.496195077896118,2.79037167471696,1.2069513674496,-0.127295749841411,4.07617807603248
95,"bbis",0.0166666666666667,17520,1,11,100,52,54,230.058632135391,4.03953706011415,2.00329108973958,-0.120152013172481,4.93432728649937
95,"euler",0.0166666666666667,17520,2,23,100,1,NA,0.463395833969116,2.16884244333877,0.897993584213285,-0.131747829925019,3.677489556978
95,"bbis",0.0166666666666667,17520,2,23,100,0,93,379.489483833313,4.01245388707444,1.96599543563352,-0.123137462010923,4.90002257640908
95,"euler",0.0166666666666667,17520,6,71,100,1,NA,0.239436864852905,1.26553997352547,0.500136668478206,-0.138456935163744,3.05435955706025
95,"bbis",0.0166666666666667,17520,6,71,100,0,61,257.785854101181,3.72109659943843,1.74337975774005,-0.135772446363179,4.71044626274079
95,"euler",0.0166666666666667,17520,12,143,100,1,NA,0.286890029907227,0.744182037663649,0.310973792074035,-0.133380471606267,2.63625232354346
95,"bbis",0.0166666666666667,17520,12,143,100,52,177,701.032204866409,3.44502057853087,1.65857795991485,-0.137443237655176,3.80387338076201
95,"euler",0.0166666666666667,17520,24,287,100,1,NA,0.205902814865112,0.583202186199042,0.250991622518813,-0.135149895270489,2.17223731780422
95,"bbis",0.0166666666666667,17520,24,287,100,0,46,188.983597040176,2.8910978247623,1.31769319575666,-0.138052200996647,4.15479240723942
96,"euler",0.0166666666666667,17520,0.5,5,100,1,NA,0.867297887802124,3.31689657541331,1.61037539126635,-0.100940750209212,4.28444825865302
96,"bbis",0.0166666666666667,17520,0.5,5,100,52,68,259.413252830505,4.13500122924156,2.11713240359316,-0.0988803613707919,4.82764272220108
96,"euler",0.0166666666666667,17520,1,11,100,1,NA,0.567905187606812,2.91320617634657,1.33576381776238,-0.101788942197784,3.89272043064856
96,"bbis",0.0166666666666667,17520,1,11,100,52,72,305.945716142654,4.12744296396223,2.1195766050488,-0.100647297947357,4.77484937847672
96,"euler",0.0166666666666667,17520,2,23,100,1,NA,0.406008958816528,2.39794624394614,1.02329449299487,-0.106022284089468,3.4458926446064
96,"bbis",0.0166666666666667,17520,2,23,100,0,50,201.255441188812,4.13548262412685,2.08946817469267,-0.102450314588492,4.7197459896119
96,"euler",0.0166666666666667,17520,6,71,100,1,NA,0.250564813613892,1.46358454807061,0.53673391445137,-0.10183404953932,2.79177866998148
96,"bbis",0.0166666666666667,17520,6,71,100,52,114,448.407186985016,3.83654416775442,1.8888048674405,-0.102252548679628,4.26143369248507
96,"euler",0.0166666666666667,17520,12,143,100,1,NA,0.267918109893799,0.949831466126292,0.345371539802376,-0.0941505287824182,2.34465670409369
96,"bbis",0.0166666666666667,17520,12,143,100,52,76,305.616286039352,3.58815669335522,1.67247703698812,-0.0907683065932972,3.57079292792659
96,"euler",0.0166666666666667,17520,24,287,100,1,NA,0.210542917251587,0.66403797800565,0.295254464836606,-0.10159391890809,1.91971816265027
96,"bbis",0.0166666666666667,17520,24,287,100,0,104,414.914001941681,3.10370502829927,1.37971726404505,-0.103000623593443,2.81731905347839
97,"euler",0.0166666666666667,17520,0.5,5,100,1,NA,0.93661093711853,3.23398410876716,1.56169868857898,-0.115707181361992,4.30941903119518
97,"bbis",0.0166666666666667,17520,0.5,5,100,0,21,98.7939939498901,4.10404564314119,2.05795910350908,-0.111820520008006,4.82860213103283
97,"euler",0.0166666666666667,17520,1,11,100,1,NA,0.48527717590332,2.88282318367158,1.34139491733695,-0.119688427228946,3.94273145118623
97,"bbis",0.0166666666666667,17520,1,11,100,0,33,136.488376140594,4.08764254707643,2.05841164494924,-0.113640868977579,4.84862521270816
97,"euler",0.0166666666666667,17520,2,23,100,1,NA,0.347926139831543,2.31207693714007,1.02722938111696,-0.117882234795684,3.51197567784978
97,"bbis",0.0166666666666667,17520,2,23,100,0,28,111.296094894409,4.05622469589599,2.05718376433561,-0.112173992649101,4.84242375339378
97,"euler",0.0166666666666667,17520,6,71,100,1,NA,0.226610898971558,1.39976726843506,0.474572512481812,-0.123311800771201,2.8418549197315
97,"bbis",0.0166666666666667,17520,6,71,100,0,68,279.677700996399,3.81386166401834,1.96983240764211,-0.122345246612608,4.55340234318404
97,"euler",0.0166666666666667,17520,12,143,100,1,NA,0.279908180236816,0.968834675235736,0.238592931677894,-0.12263816259555,2.39525260910003
97,"bbis",0.0166666666666667,17520,12,143,100,52,318,1277.52333116531,3.53257933753337,1.74401865876497,-0.124721381189776,3.41701785788683
97,"euler",0.0166666666666667,17520,24,287,100,1,NA,0.246351003646851,0.601574513116844,0.227339836501687,-0.122569701805453,2.05425983193023
97,"bbis",0.0166666666666667,17520,24,287,100,0,128,502.417732954025,2.98231806082669,1.53562878084094,-0.127350340297536,2.85040034267214
98,"euler",0.0166666666666667,17520,0.5,5,100,1,NA,0.885915040969849,3.2523541533506,1.66691368582319,-0.0931986890639217,4.38007693260623
98,"bbis",0.0166666666666667,17520,0.5,5,100,0,46,216.451030015945,4.14799070686597,2.2232483706849,-0.103399234708344,4.88336531346112
98,"euler",0.0166666666666667,17520,1,11,100,1,NA,0.491928100585938,2.85341737573577,1.40490825256177,-0.09077898939617,4.06231706647101
98,"bbis",0.0166666666666667,17520,1,11,100,0,58,225.539052009583,4.11620261002719,2.19600816135746,-0.104334186098513,4.97820797622703
98,"euler",0.0166666666666667,17520,2,23,100,1,NA,0.331196069717407,2.23802835823916,1.07568478231616,-0.0801422186128699,3.69813754012697
98,"bbis",0.0166666666666667,17520,2,23,100,0,57,221.499536037445,4.07055065930133,2.19291911474549,-0.100856665873988,4.97836491958778
98,"euler",0.0166666666666667,17520,6,71,100,1,NA,0.230566024780273,1.26676157204804,0.564735773178404,-0.0696823311546646,3.09476992244968
98,"bbis",0.0166666666666667,17520,6,71,100,0,39,159.980190992355,3.49109172358214,2.14072455001511,-0.0761092718199453,4.60171918833925
98,"euler",0.0166666666666667,17520,12,143,100,1,NA,0.284263849258423,0.882924307715907,0.414155048992412,-0.0663875620010496,2.62354000467129
98,"bbis",0.0166666666666667,17520,12,143,100,52,208,822.599887132645,3.43044822027633,1.92733145888686,-0.0966772820337191,3.96859165177572
98,"euler",0.0166666666666667,17520,24,287,100,1,NA,0.221658945083618,0.618770406078835,0.310627839203539,-0.0624151638959939,2.26774440371795
98,"bbis",0.0166666666666667,17520,24,287,100,0,135,530.583784103394,2.98298463613781,1.71579171332452,-0.0878354304509288,2.95612977736712
99,"euler",0.0166666666666667,17520,0.5,5,100,1,NA,0.871453046798706,3.18916431872508,1.52936576013446,-0.0981107978884014,4.37230412305784
99,"bbis",0.0166666666666667,17520,0.5,5,100,0,35,162.924111127853,4.06139799551987,2.01583993997345,-0.0942275844685732,4.89430171491928
99,"euler",0.0166666666666667,17520,1,11,100,1,NA,0.563525199890137,2.83889215828093,1.31879107717537,-0.100029083345239,4.00620853590373
99,"bbis",0.0166666666666667,17520,1,11,100,0,63,266.713824033737,4.05836340682623,2.00603992920875,-0.0930723091767551,4.88881396408513
99,"euler",0.0166666666666667,17520,2,23,100,1,NA,0.282319068908691,2.28152175727385,0.959691181329071,-0.106599912582635,3.67071446474172
99,"bbis",0.0166666666666667,17520,2,23,100,0,99,400.150423049927,3.95578486678282,1.98906562883041,-0.0979275747695126,4.9893821869698
99,"euler",0.0166666666666667,17520,6,71,100,1,NA,0.233361005783081,1.4160810990212,0.512204806777714,-0.107069413108888,3.00870102502683
99,"bbis",0.0166666666666667,17520,6,71,100,52,70,279.129018068314,3.81641474759665,1.92447366299421,-0.101367208924126,4.90111384202402
99,"euler",0.0166666666666667,17520,12,143,100,1,NA,0.207051992416382,1.05379835296085,0.308140699282064,-0.109207869089687,2.57035107461276
99,"bbis",0.0166666666666667,17520,12,143,100,0,119,471.405158042908,3.37457887629545,1.69735177445542,-0.0957724100356299,3.88588411422138
99,"euler",0.0166666666666667,17520,24,287,100,1,NA,0.195625066757202,0.728265616955643,0.137191254561435,-0.11126320760996,2.01595606547403
99,"bbis",0.0166666666666667,17520,24,287,100,52,71,286.887460947037,3.02812413497209,1.47588495309698,-0.116600793405662,2.66876444802658
100,"euler",0.0166666666666667,17520,0.5,5,100,1,NA,0.856917142868042,3.24944010184509,1.62062876904772,-0.111952459774358,4.33455075412102
100,"bbis",0.0166666666666667,17520,0.5,5,100,0,70,328.77193403244,4.07525225349698,2.08109953563948,-0.111554521492786,4.87467199178289
100,"euler",0.0166666666666667,17520,1,11,100,1,NA,0.454377889633179,2.86961903662559,1.34816205552534,-0.113314551801682,3.96946103620796
100,"bbis",0.0166666666666667,17520,1,11,100,0,49,204.547030925751,4.04559173360672,2.0546777508028,-0.108805499589581,4.89012123093789
100,"euler",0.0166666666666667,17520,2,23,100,1,NA,0.290543079376221,2.43237830602842,1.08631759754592,-0.113412204205284,3.52975498079503
100,"bbis",0.0166666666666667,17520,2,23,100,0,36,126.800636053085,4.06249021302637,2.049629004901,-0.11310539655544,4.87118742393049
100,"euler",0.0166666666666667,17520,6,71,100,1,NA,0.202879905700684,1.4006131812686,0.495643240998406,-0.111452343740925,2.84561763174932
100,"bbis",0.0166666666666667,17520,6,71,100,0,77,310.041022062302,3.86484184009894,1.86542289507378,-0.114522362171762,4.41879318083078
100,"euler",0.0166666666666667,17520,12,143,100,1,NA,0.262799978256226,0.884736215468827,0.264665260207294,-0.107764822514494,2.45390494140249
100,"bbis",0.0166666666666667,17520,12,143,100,0,155,615.339369058609,3.50270157327394,1.61480468192322,-0.104838690378602,4.00109139012788
100,"euler",0.0166666666666667,17520,24,287,100,1,NA,0.249608039855957,0.444064325257972,0.0304237020740952,-0.104809217566337,2.15376534503083
100,"bbis",0.0166666666666667,17520,24,287,100,0,36,149.876392841339,3.04334618618985,1.36684805226168,-0.120338857576977,3.06784139619909
